transaction_id,amount,merchant_id,is_international,transaction_date,is_fraud,day_of_week,is_weekend,high_amount_flag,transaction_type,customer_category,merchant_category,card_type,,,
1,2844,13,1,01-03-2025,0,Saturday,1,1,Online,Regular,Electronics,Prepaid,,,
2,4593,91,1,02-03-2025,1,Sunday,1,1,ATM,VIP,Fashion,Credit,,,
3,1627,22,1,03-03-2025,0,Monday,0,1,POS,VIP,Grocery,Debit,,,
4,120,68,0,04-03-2025,1,Tuesday,0,0,POS,New,Fashion,Credit,,,
5,4110,15,1,05-03-2025,0,Wednesday,0,1,POS,VIP,Grocery,Credit,,,
6,765,53,0,06-03-2025,1,Thursday,0,0,POS,Regular,Grocery,Prepaid,,,
7,111,7,0,07-03-2025,0,Friday,0,0,ATM,VIP,Grocery,Credit,,,
8,10,19,0,08-03-2025,0,Saturday,1,0,Online,Regular,Electronics,Debit,,,
9,863,70,0,09-03-2025,0,Sunday,1,0,ATM,Regular,Fashion,Prepaid,,,
10,2823,61,0,10-03-2025,1,Monday,0,1,POS,Regular,Grocery,Prepaid,,,
11,2900,49,0,11-03-2025,1,Tuesday,0,1,Online,Regular,Fashion,Debit,,,
12,723,66,1,12-03-2025,0,Wednesday,0,0,Online,VIP,Electronics,Debit,,,
13,841,7,0,13-03-2025,1,Thursday,0,0,POS,New,Electronics,Debit,,,
14,173,63,1,14-03-2025,0,Friday,0,0,Online,Regular,Fashion,Debit,,,
15,2235,3,1,15-03-2025,0,Saturday,1,1,Online,Regular,Grocery,Debit,,,
16,899,78,0,16-03-2025,1,Sunday,1,0,Online,VIP,Electronics,Credit,,,
17,2960,38,1,17-03-2025,0,Monday,0,1,POS,VIP,Fashion,Debit,,,
18,3861,41,0,18-03-2025,0,Tuesday,0,1,Online,Regular,Travel,Prepaid,,,
19,3149,30,1,19-03-2025,0,Wednesday,0,1,POS,New,Grocery,Credit,,,
20,4547,77,1,20-03-2025,0,Thursday,0,1,ATM,VIP,Grocery,Prepaid,,,
21,2161,34,0,21-03-2025,1,Friday,0,1,POS,Regular,Fashion,Credit,,,
22,2510,48,0,22-03-2025,0,Saturday,1,1,POS,Regular,Travel,Prepaid,,,
23,2072,71,1,23-03-2025,1,Sunday,1,1,Online,VIP,Electronics,Credit,,,
24,2849,99,1,24-03-2025,1,Monday,0,1,POS,VIP,Travel,Debit,,,
25,2103,72,1,25-03-2025,0,Tuesday,0,1,Online,VIP,Electronics,Prepaid,,,
26,1701,55,0,26-03-2025,1,Wednesday,0,1,ATM,New,Fashion,Prepaid,,,
27,4314,79,1,27-03-2025,0,Thursday,0,1,Online,Regular,Grocery,Debit,,,
28,2151,67,1,28-03-2025,0,Friday,0,1,Online,VIP,Fashion,Credit,,,
29,4066,17,1,29-03-2025,0,Saturday,1,1,POS,Regular,Travel,Credit,,,
30,4331,43,0,30-03-2025,0,Sunday,1,1,POS,VIP,Travel,Credit,,,
31,3508,42,1,31-03-2025,0,Monday,0,1,Online,Regular,Fashion,Credit,,,
32,4827,80,1,01-03-2025,0,Saturday,1,1,ATM,New,Fashion,Prepaid,,,
33,927,78,0,02-03-2025,1,Sunday,1,0,ATM,VIP,Fashion,Debit,,,
34,3290,91,1,03-03-2025,1,Monday,0,1,POS,New,Travel,Prepaid,,,
35,4786,99,1,04-03-2025,0,Tuesday,0,1,POS,New,Travel,Credit,,,
36,4655,12,1,05-03-2025,0,Wednesday,0,1,Online,New,Fashion,Credit,,,
37,793,11,1,06-03-2025,0,Thursday,0,0,ATM,Regular,Fashion,Credit,,,
38,4734,37,0,07-03-2025,0,Friday,0,1,ATM,VIP,Grocery,Prepaid,,,
39,246,80,0,08-03-2025,1,Saturday,1,0,POS,VIP,Electronics,Prepaid,,,
40,1258,79,0,09-03-2025,1,Sunday,1,1,Online,New,Travel,Credit,,,
41,1452,89,1,10-03-2025,0,Monday,0,1,ATM,Regular,Grocery,Prepaid,,,
42,1603,53,0,11-03-2025,0,Tuesday,0,1,Online,Regular,Electronics,Credit,,,
43,4980,7,1,12-03-2025,0,Wednesday,0,1,ATM,VIP,Electronics,Credit,,,
44,935,86,1,13-03-2025,0,Thursday,0,0,POS,VIP,Fashion,Debit,,,
45,3342,81,0,14-03-2025,1,Friday,0,1,Online,New,Fashion,Credit,,,
46,2063,65,0,15-03-2025,0,Saturday,1,1,ATM,VIP,Travel,Credit,,,
47,4100,81,1,16-03-2025,0,Sunday,1,1,ATM,Regular,Fashion,Credit,,,
48,2691,53,1,17-03-2025,1,Monday,0,1,POS,Regular,Fashion,Debit,,,
49,1147,41,0,18-03-2025,1,Tuesday,0,1,Online,New,Grocery,Debit,,,
50,2530,76,1,19-03-2025,1,Wednesday,0,1,Online,Regular,Travel,Debit,,,
51,196,35,1,20-03-2025,1,Thursday,0,0,POS,Regular,Travel,Debit,,,
52,478,62,1,21-03-2025,1,Friday,0,0,ATM,Regular,Fashion,Credit,,,
53,2536,13,0,22-03-2025,1,Saturday,1,1,POS,Regular,Travel,Credit,,,
54,4265,38,1,23-03-2025,0,Sunday,1,1,POS,New,Electronics,Credit,,,
55,924,14,1,24-03-2025,0,Monday,0,0,ATM,VIP,Travel,Credit,,,
56,1311,48,0,25-03-2025,0,Tuesday,0,1,POS,New,Travel,Credit,,,
57,3426,71,1,26-03-2025,0,Wednesday,0,1,Online,Regular,Travel,Credit,,,
58,1759,20,1,27-03-2025,0,Thursday,0,1,POS,VIP,Grocery,Prepaid,,,
59,358,57,0,28-03-2025,0,Friday,0,0,Online,Regular,Grocery,Credit,,,
60,4498,55,1,29-03-2025,0,Saturday,1,1,POS,Regular,Grocery,Debit,,,
61,2510,65,1,30-03-2025,0,Sunday,1,1,POS,Regular,Fashion,Prepaid,,,
62,3459,3,0,31-03-2025,0,Monday,0,1,POS,VIP,Grocery,Credit,,,
63,718,64,1,01-03-2025,0,Saturday,1,0,Online,New,Fashion,Debit,,,
64,1853,42,1,02-03-2025,1,Sunday,1,1,ATM,New,Travel,Prepaid,,,
65,424,58,1,03-03-2025,0,Monday,0,0,ATM,Regular,Electronics,Prepaid,,,
66,4267,21,1,04-03-2025,0,Tuesday,0,1,POS,Regular,Grocery,Credit,,,
67,1421,85,1,05-03-2025,1,Wednesday,0,1,POS,Regular,Fashion,Debit,,,
68,1049,59,0,06-03-2025,1,Thursday,0,1,ATM,New,Grocery,Debit,,,
69,3529,43,0,07-03-2025,1,Friday,0,1,Online,VIP,Travel,Credit,,,
70,2558,44,1,08-03-2025,1,Saturday,1,1,POS,New,Grocery,Prepaid,,,
71,3300,28,1,09-03-2025,0,Sunday,1,1,POS,New,Travel,Credit,,,
72,4016,98,0,10-03-2025,0,Monday,0,1,ATM,VIP,Travel,Prepaid,,,
73,4131,10,1,11-03-2025,0,Tuesday,0,1,ATM,Regular,Electronics,Debit,,,
74,3032,76,1,12-03-2025,1,Wednesday,0,1,POS,VIP,Electronics,Debit,,,
75,42,74,0,13-03-2025,0,Thursday,0,0,Online,New,Fashion,Prepaid,,,
76,1530,62,1,14-03-2025,1,Friday,0,1,POS,New,Grocery,Prepaid,,,
77,2656,31,0,15-03-2025,0,Saturday,1,1,Online,New,Electronics,Debit,,,
78,2597,53,1,16-03-2025,0,Sunday,1,1,Online,VIP,Fashion,Prepaid,,,
79,396,85,1,17-03-2025,1,Monday,0,0,ATM,VIP,Fashion,Credit,,,
80,4695,91,1,18-03-2025,0,Tuesday,0,1,POS,New,Fashion,Prepaid,,,
81,2719,7,1,19-03-2025,0,Wednesday,0,1,POS,New,Grocery,Credit,,,
82,3097,89,0,20-03-2025,0,Thursday,0,1,Online,Regular,Travel,Debit,,,
83,847,30,1,21-03-2025,1,Friday,0,0,POS,Regular,Travel,Prepaid,,,
84,643,88,0,22-03-2025,1,Saturday,1,0,POS,Regular,Travel,Debit,,,
85,3231,70,1,23-03-2025,1,Sunday,1,1,ATM,New,Electronics,Prepaid,,,
86,3649,52,1,24-03-2025,1,Monday,0,1,POS,VIP,Grocery,Debit,,,
87,2461,92,0,25-03-2025,1,Tuesday,0,1,POS,New,Fashion,Debit,,,
88,441,39,0,26-03-2025,0,Wednesday,0,0,POS,New,Grocery,Credit,,,
89,2803,83,1,27-03-2025,1,Thursday,0,1,POS,New,Fashion,Prepaid,,,
90,3432,42,1,28-03-2025,1,Friday,0,1,Online,New,Electronics,Prepaid,,,
91,47,12,0,29-03-2025,0,Saturday,1,0,POS,Regular,Electronics,Debit,,,
92,1024,9,0,30-03-2025,0,Sunday,1,1,Online,New,Electronics,Credit,,,
93,3231,58,1,31-03-2025,0,Monday,0,1,ATM,Regular,Travel,Prepaid,,,
94,535,96,0,01-03-2025,0,Saturday,1,0,POS,VIP,Electronics,Prepaid,,,
95,612,46,0,02-03-2025,0,Sunday,1,0,ATM,Regular,Travel,Prepaid,,,
96,3901,80,1,03-03-2025,1,Monday,0,1,Online,VIP,Travel,Debit,,,
97,3189,12,1,04-03-2025,0,Tuesday,0,1,Online,New,Fashion,Prepaid,,,
98,3489,69,1,05-03-2025,1,Wednesday,0,1,Online,Regular,Electronics,Credit,,,
99,1090,14,0,06-03-2025,1,Thursday,0,1,POS,New,Fashion,Credit,,,
100,3752,41,1,07-03-2025,0,Friday,0,1,ATM,Regular,Electronics,Credit,,,
101,334,59,1,08-03-2025,1,Saturday,1,0,Online,VIP,Fashion,Credit,,,
102,3441,42,0,09-03-2025,1,Sunday,1,1,Online,Regular,Fashion,Credit,,,
103,3601,89,1,10-03-2025,1,Monday,0,1,POS,Regular,Fashion,Credit,,,
104,4726,64,1,11-03-2025,1,Tuesday,0,1,ATM,VIP,Fashion,Credit,,,
105,176,48,0,12-03-2025,0,Wednesday,0,0,POS,VIP,Electronics,Prepaid,,,
106,4432,38,1,13-03-2025,0,Thursday,0,1,Online,VIP,Travel,Credit,,,
107,3404,6,0,14-03-2025,1,Friday,0,1,Online,Regular,Grocery,Credit,,,
108,979,99,1,15-03-2025,1,Saturday,1,0,POS,VIP,Fashion,Credit,,,
109,1196,78,1,16-03-2025,0,Sunday,1,1,ATM,Regular,Fashion,Debit,,,
110,3516,78,1,17-03-2025,1,Monday,0,1,POS,New,Fashion,Prepaid,,,
111,363,79,0,18-03-2025,0,Tuesday,0,0,Online,Regular,Grocery,Credit,,,
112,1086,50,0,19-03-2025,0,Wednesday,0,1,POS,VIP,Electronics,Prepaid,,,
113,2422,100,0,20-03-2025,1,Thursday,0,1,Online,Regular,Electronics,Credit,,,
114,957,53,0,21-03-2025,1,Friday,0,0,Online,Regular,Grocery,Credit,,,
115,2751,100,1,22-03-2025,0,Saturday,1,1,POS,VIP,Grocery,Debit,,,
116,3708,93,1,23-03-2025,0,Sunday,1,1,Online,VIP,Fashion,Prepaid,,,
117,2538,10,1,24-03-2025,1,Monday,0,1,POS,New,Grocery,Prepaid,,,
118,12,12,0,25-03-2025,0,Tuesday,0,0,POS,New,Grocery,Prepaid,,,
119,3056,40,0,26-03-2025,0,Wednesday,0,1,POS,New,Electronics,Debit,,,
120,3975,77,0,27-03-2025,1,Thursday,0,1,Online,VIP,Grocery,Debit,,,
121,2510,38,1,28-03-2025,1,Friday,0,1,Online,VIP,Electronics,Debit,,,
122,4126,39,0,29-03-2025,0,Saturday,1,1,Online,New,Electronics,Prepaid,,,
123,4348,96,0,30-03-2025,0,Sunday,1,1,ATM,VIP,Grocery,Credit,,,
124,2959,8,0,31-03-2025,0,Monday,0,1,POS,Regular,Electronics,Debit,,,
125,4269,17,0,01-03-2025,0,Saturday,1,1,Online,Regular,Travel,Credit,,,
126,1438,26,0,02-03-2025,1,Sunday,1,1,ATM,New,Grocery,Debit,,,
127,889,10,1,03-03-2025,0,Monday,0,0,Online,Regular,Fashion,Credit,,,
128,138,83,0,04-03-2025,0,Tuesday,0,0,Online,VIP,Fashion,Prepaid,,,
129,4922,88,0,05-03-2025,0,Wednesday,0,1,POS,Regular,Fashion,Credit,,,
130,2937,26,1,06-03-2025,0,Thursday,0,1,ATM,VIP,Travel,Debit,,,
131,1820,52,1,07-03-2025,0,Friday,0,1,ATM,New,Grocery,Credit,,,
132,2177,6,1,08-03-2025,1,Saturday,1,1,Online,VIP,Fashion,Prepaid,,,
133,201,29,1,09-03-2025,1,Sunday,1,0,ATM,New,Grocery,Prepaid,,,
134,421,64,0,10-03-2025,1,Monday,0,0,ATM,New,Travel,Debit,,,
135,2777,22,0,11-03-2025,1,Tuesday,0,1,POS,VIP,Travel,Debit,,,
136,2433,39,1,12-03-2025,1,Wednesday,0,1,Online,New,Fashion,Prepaid,,,
137,3675,96,1,13-03-2025,1,Thursday,0,1,POS,New,Electronics,Credit,,,
138,1229,58,0,14-03-2025,1,Friday,0,1,Online,VIP,Grocery,Prepaid,,,
139,4558,27,1,15-03-2025,1,Saturday,1,1,Online,Regular,Travel,Debit,,,
140,1696,94,1,16-03-2025,1,Sunday,1,1,POS,VIP,Fashion,Prepaid,,,
141,4981,89,0,17-03-2025,1,Monday,0,1,ATM,Regular,Fashion,Credit,,,
142,4461,35,0,18-03-2025,1,Tuesday,0,1,Online,New,Travel,Credit,,,
143,4676,1,0,19-03-2025,1,Wednesday,0,1,POS,New,Fashion,Debit,,,
144,2255,12,0,20-03-2025,1,Thursday,0,1,ATM,New,Grocery,Debit,,,
145,4286,76,1,21-03-2025,1,Friday,0,1,ATM,VIP,Electronics,Credit,,,
146,244,72,0,22-03-2025,0,Saturday,1,0,Online,Regular,Electronics,Prepaid,,,
147,402,50,1,23-03-2025,1,Sunday,1,0,POS,VIP,Electronics,Prepaid,,,
148,4733,10,1,24-03-2025,0,Monday,0,1,Online,Regular,Electronics,Debit,,,
149,2326,46,0,25-03-2025,1,Tuesday,0,1,ATM,New,Grocery,Credit,,,
150,4804,59,0,26-03-2025,0,Wednesday,0,1,ATM,Regular,Travel,Debit,,,
151,716,100,0,27-03-2025,1,Thursday,0,0,Online,VIP,Electronics,Credit,,,
152,2024,92,1,28-03-2025,0,Friday,0,1,ATM,New,Grocery,Credit,,,
153,3745,4,0,29-03-2025,1,Saturday,1,1,Online,New,Grocery,Debit,,,
154,2703,76,0,30-03-2025,0,Sunday,1,1,Online,Regular,Electronics,Prepaid,,,
155,1415,2,0,31-03-2025,0,Monday,0,1,ATM,New,Electronics,Credit,,,
156,3726,21,0,01-03-2025,0,Saturday,1,1,Online,New,Travel,Prepaid,,,
157,1180,62,0,02-03-2025,1,Sunday,1,1,Online,Regular,Fashion,Credit,,,
158,835,49,1,03-03-2025,0,Monday,0,0,ATM,VIP,Fashion,Prepaid,,,
159,1630,60,0,04-03-2025,1,Tuesday,0,1,ATM,VIP,Electronics,Prepaid,,,
160,1289,44,0,05-03-2025,1,Wednesday,0,1,POS,Regular,Travel,Credit,,,
161,18,78,1,06-03-2025,1,Thursday,0,0,POS,Regular,Travel,Prepaid,,,
162,290,54,0,07-03-2025,0,Friday,0,0,ATM,New,Travel,Prepaid,,,
163,2359,59,1,08-03-2025,0,Saturday,1,1,Online,Regular,Fashion,Debit,,,
164,3563,67,1,09-03-2025,0,Sunday,1,1,ATM,VIP,Fashion,Prepaid,,,
165,3945,48,1,10-03-2025,0,Monday,0,1,ATM,New,Travel,Prepaid,,,
166,582,27,1,11-03-2025,0,Tuesday,0,0,ATM,Regular,Travel,Prepaid,,,
167,1591,11,0,12-03-2025,1,Wednesday,0,1,POS,New,Travel,Debit,,,
168,1342,85,0,13-03-2025,1,Thursday,0,1,Online,New,Travel,Credit,,,
169,242,19,0,14-03-2025,1,Friday,0,0,ATM,New,Electronics,Credit,,,
170,2622,96,0,15-03-2025,0,Saturday,1,1,POS,Regular,Fashion,Credit,,,
171,3711,2,0,16-03-2025,1,Sunday,1,1,Online,VIP,Fashion,Credit,,,
172,1630,63,1,17-03-2025,0,Monday,0,1,POS,New,Travel,Credit,,,
173,2867,59,1,18-03-2025,1,Tuesday,0,1,Online,New,Travel,Credit,,,
174,2560,61,1,19-03-2025,0,Wednesday,0,1,Online,Regular,Electronics,Credit,,,
175,2361,60,0,20-03-2025,1,Thursday,0,1,POS,New,Electronics,Prepaid,,,
176,2070,93,1,21-03-2025,0,Friday,0,1,POS,New,Grocery,Debit,,,
177,635,76,0,22-03-2025,0,Saturday,1,0,ATM,Regular,Travel,Credit,,,
178,3051,58,1,23-03-2025,0,Sunday,1,1,Online,Regular,Electronics,Prepaid,,,
179,1662,24,0,24-03-2025,0,Monday,0,1,POS,Regular,Travel,Prepaid,,,
180,4272,22,0,25-03-2025,0,Tuesday,0,1,Online,VIP,Travel,Credit,,,
181,2459,77,0,26-03-2025,0,Wednesday,0,1,Online,Regular,Electronics,Debit,,,
182,4416,24,1,27-03-2025,0,Thursday,0,1,ATM,Regular,Travel,Debit,,,
183,2114,84,1,28-03-2025,0,Friday,0,1,POS,Regular,Travel,Credit,,,
184,620,49,0,29-03-2025,0,Saturday,1,0,Online,New,Grocery,Debit,,,
185,3035,35,0,30-03-2025,1,Sunday,1,1,ATM,New,Grocery,Debit,,,
186,1150,55,1,31-03-2025,0,Monday,0,1,ATM,VIP,Travel,Debit,,,
187,3698,60,0,01-03-2025,1,Saturday,1,1,POS,New,Grocery,Credit,,,
188,1412,25,0,02-03-2025,1,Sunday,1,1,Online,VIP,Grocery,Debit,,,
189,1592,26,0,03-03-2025,0,Monday,0,1,ATM,New,Electronics,Credit,,,
190,3310,77,1,04-03-2025,0,Tuesday,0,1,POS,Regular,Electronics,Credit,,,
191,1686,25,0,05-03-2025,0,Wednesday,0,1,Online,Regular,Fashion,Credit,,,
192,2501,17,1,06-03-2025,1,Thursday,0,1,POS,New,Electronics,Prepaid,,,
193,2875,99,1,07-03-2025,1,Friday,0,1,POS,VIP,Grocery,Credit,,,
194,626,10,0,08-03-2025,0,Saturday,1,0,Online,VIP,Electronics,Credit,,,
195,4993,60,0,09-03-2025,1,Sunday,1,1,ATM,Regular,Electronics,Credit,,,
196,4004,50,0,10-03-2025,0,Monday,0,1,Online,New,Grocery,Prepaid,,,
197,717,41,0,11-03-2025,0,Tuesday,0,0,Online,Regular,Grocery,Debit,,,
198,4285,46,1,12-03-2025,0,Wednesday,0,1,POS,Regular,Travel,Prepaid,,,
199,3339,100,0,13-03-2025,1,Thursday,0,1,Online,New,Travel,Debit,,,
200,4406,79,1,14-03-2025,0,Friday,0,1,Online,Regular,Electronics,Debit,,,
201,3935,62,1,15-03-2025,0,Saturday,1,1,Online,Regular,Fashion,Debit,,,
202,1783,61,0,16-03-2025,0,Sunday,1,1,POS,Regular,Electronics,Prepaid,,,
203,2469,14,1,17-03-2025,0,Monday,0,1,POS,Regular,Grocery,Prepaid,,,
204,4898,52,0,18-03-2025,0,Tuesday,0,1,ATM,New,Fashion,Credit,,,
205,4454,5,1,19-03-2025,0,Wednesday,0,1,ATM,VIP,Fashion,Credit,,,
206,1479,35,0,20-03-2025,1,Thursday,0,1,POS,VIP,Electronics,Prepaid,,,
207,3078,41,1,21-03-2025,1,Friday,0,1,POS,Regular,Travel,Debit,,,
208,573,40,0,22-03-2025,1,Saturday,1,0,POS,Regular,Grocery,Prepaid,,,
209,3795,7,1,23-03-2025,1,Sunday,1,1,Online,New,Grocery,Debit,,,
210,4143,3,0,24-03-2025,1,Monday,0,1,POS,New,Travel,Credit,,,
211,3796,30,1,25-03-2025,1,Tuesday,0,1,POS,New,Electronics,Debit,,,
212,3057,71,0,26-03-2025,0,Wednesday,0,1,Online,New,Travel,Prepaid,,,
213,3629,94,0,27-03-2025,1,Thursday,0,1,Online,Regular,Fashion,Debit,,,
214,478,15,0,28-03-2025,0,Friday,0,0,Online,Regular,Electronics,Prepaid,,,
215,301,83,0,29-03-2025,1,Saturday,1,0,POS,Regular,Grocery,Debit,,,
216,3891,40,1,30-03-2025,1,Sunday,1,1,ATM,VIP,Fashion,Credit,,,
217,3075,97,1,31-03-2025,0,Monday,0,1,ATM,New,Fashion,Credit,,,
218,224,63,0,01-03-2025,0,Saturday,1,0,ATM,Regular,Travel,Prepaid,,,
219,3512,6,1,02-03-2025,1,Sunday,1,1,ATM,Regular,Electronics,Debit,,,
220,4947,29,1,03-03-2025,0,Monday,0,1,ATM,New,Travel,Credit,,,
221,3077,70,0,04-03-2025,1,Tuesday,0,1,Online,Regular,Fashion,Prepaid,,,
222,1028,20,1,05-03-2025,0,Wednesday,0,1,POS,New,Fashion,Debit,,,
223,4636,78,1,06-03-2025,1,Thursday,0,1,Online,VIP,Electronics,Credit,,,
224,320,87,1,07-03-2025,1,Friday,0,0,POS,Regular,Fashion,Debit,,,
225,401,5,0,08-03-2025,1,Saturday,1,0,ATM,New,Travel,Prepaid,,,
226,4393,96,1,09-03-2025,0,Sunday,1,1,Online,VIP,Electronics,Debit,,,
227,3599,79,1,10-03-2025,0,Monday,0,1,POS,Regular,Grocery,Credit,,,
228,245,27,0,11-03-2025,0,Tuesday,0,0,ATM,Regular,Fashion,Prepaid,,,
229,2832,84,0,12-03-2025,0,Wednesday,0,1,Online,Regular,Grocery,Debit,,,
230,3513,84,1,13-03-2025,0,Thursday,0,1,Online,Regular,Travel,Debit,,,
231,1855,4,0,14-03-2025,0,Friday,0,1,Online,New,Travel,Credit,,,
232,4170,5,1,15-03-2025,0,Saturday,1,1,Online,New,Travel,Debit,,,
233,4313,45,0,16-03-2025,0,Sunday,1,1,POS,Regular,Electronics,Prepaid,,,
234,4410,100,0,17-03-2025,1,Monday,0,1,ATM,New,Travel,Prepaid,,,
235,4918,5,1,18-03-2025,1,Tuesday,0,1,Online,VIP,Travel,Credit,,,
236,3565,75,0,19-03-2025,0,Wednesday,0,1,ATM,Regular,Electronics,Debit,,,
237,2517,83,0,20-03-2025,0,Thursday,0,1,POS,New,Grocery,Credit,,,
238,2444,86,1,21-03-2025,0,Friday,0,1,Online,Regular,Travel,Debit,,,
239,3723,53,0,22-03-2025,0,Saturday,1,1,Online,New,Electronics,Debit,,,
240,1653,19,1,23-03-2025,0,Sunday,1,1,POS,Regular,Fashion,Credit,,,
241,1255,29,0,24-03-2025,1,Monday,0,1,ATM,New,Fashion,Credit,,,
242,3151,48,1,25-03-2025,1,Tuesday,0,1,POS,Regular,Fashion,Prepaid,,,
243,1680,77,1,26-03-2025,0,Wednesday,0,1,POS,VIP,Fashion,Prepaid,,,
244,4967,88,1,27-03-2025,1,Thursday,0,1,POS,Regular,Travel,Prepaid,,,
245,2803,37,1,28-03-2025,0,Friday,0,1,ATM,New,Fashion,Prepaid,,,
246,3216,78,0,29-03-2025,0,Saturday,1,1,POS,Regular,Electronics,Prepaid,,,
247,3611,84,1,30-03-2025,1,Sunday,1,1,POS,VIP,Grocery,Debit,,,
248,104,77,1,31-03-2025,1,Monday,0,0,ATM,New,Fashion,Prepaid,,,
249,2748,44,1,01-03-2025,0,Saturday,1,1,POS,Regular,Grocery,Prepaid,,,
250,4064,22,0,02-03-2025,0,Sunday,1,1,ATM,Regular,Electronics,Debit,,,
251,2032,59,0,03-03-2025,1,Monday,0,1,Online,Regular,Fashion,Credit,,,
252,4761,14,1,04-03-2025,0,Tuesday,0,1,POS,New,Grocery,Credit,,,
253,750,58,0,05-03-2025,0,Wednesday,0,0,ATM,VIP,Fashion,Prepaid,,,
254,1105,60,1,06-03-2025,0,Thursday,0,1,ATM,Regular,Electronics,Credit,,,
255,1854,51,1,07-03-2025,0,Friday,0,1,Online,VIP,Electronics,Credit,,,
256,1137,12,1,08-03-2025,1,Saturday,1,1,POS,Regular,Travel,Prepaid,,,
257,4937,73,0,09-03-2025,0,Sunday,1,1,POS,New,Travel,Debit,,,
258,67,20,1,10-03-2025,0,Monday,0,0,ATM,Regular,Travel,Credit,,,
259,4451,40,1,11-03-2025,1,Tuesday,0,1,Online,VIP,Travel,Credit,,,
260,1684,58,0,12-03-2025,1,Wednesday,0,1,POS,VIP,Travel,Prepaid,,,
261,4131,95,1,13-03-2025,1,Thursday,0,1,ATM,VIP,Travel,Credit,,,
262,4919,51,1,14-03-2025,1,Friday,0,1,ATM,VIP,Travel,Debit,,,
263,2039,8,1,15-03-2025,1,Saturday,1,1,POS,Regular,Fashion,Debit,,,
264,4102,12,0,16-03-2025,0,Sunday,1,1,Online,VIP,Electronics,Credit,,,
265,2799,60,0,17-03-2025,1,Monday,0,1,Online,VIP,Electronics,Debit,,,
266,2260,48,1,18-03-2025,1,Tuesday,0,1,POS,New,Travel,Prepaid,,,
267,1259,77,0,19-03-2025,0,Wednesday,0,1,Online,Regular,Travel,Prepaid,,,
268,369,41,0,20-03-2025,1,Thursday,0,0,POS,VIP,Electronics,Credit,,,
269,3222,4,0,21-03-2025,1,Friday,0,1,POS,VIP,Travel,Credit,,,
270,609,68,1,22-03-2025,0,Saturday,1,0,ATM,Regular,Grocery,Debit,,,
271,2446,77,1,23-03-2025,0,Sunday,1,1,Online,New,Travel,Prepaid,,,
272,4028,84,0,24-03-2025,0,Monday,0,1,Online,New,Grocery,Debit,,,
273,3999,93,0,25-03-2025,1,Tuesday,0,1,POS,VIP,Fashion,Credit,,,
274,986,55,1,26-03-2025,0,Wednesday,0,0,Online,Regular,Fashion,Credit,,,
275,3386,42,0,27-03-2025,1,Thursday,0,1,ATM,VIP,Electronics,Prepaid,,,
276,2360,5,1,28-03-2025,1,Friday,0,1,Online,VIP,Electronics,Credit,,,
277,654,5,1,29-03-2025,0,Saturday,1,0,POS,Regular,Fashion,Prepaid,,,
278,1169,100,0,30-03-2025,0,Sunday,1,1,Online,VIP,Electronics,Credit,,,
279,2106,39,0,31-03-2025,1,Monday,0,1,Online,New,Travel,Debit,,,
280,1299,33,0,01-03-2025,1,Saturday,1,1,Online,VIP,Travel,Credit,,,
281,1452,89,0,02-03-2025,0,Sunday,1,1,POS,Regular,Travel,Debit,,,
282,2421,54,1,03-03-2025,1,Monday,0,1,Online,New,Fashion,Prepaid,,,
283,773,58,0,04-03-2025,1,Tuesday,0,0,ATM,Regular,Electronics,Credit,,,
284,2809,70,1,05-03-2025,1,Wednesday,0,1,ATM,Regular,Grocery,Debit,,,
285,4631,48,0,06-03-2025,0,Thursday,0,1,ATM,New,Electronics,Credit,,,
286,4251,54,0,07-03-2025,0,Friday,0,1,ATM,New,Grocery,Credit,,,
287,953,19,0,08-03-2025,1,Saturday,1,0,ATM,Regular,Grocery,Credit,,,
288,1716,61,1,09-03-2025,0,Sunday,1,1,Online,VIP,Travel,Credit,,,
289,2980,17,1,10-03-2025,1,Monday,0,1,ATM,VIP,Travel,Credit,,,
290,826,89,1,11-03-2025,0,Tuesday,0,0,Online,VIP,Fashion,Prepaid,,,
291,3109,21,1,12-03-2025,0,Wednesday,0,1,ATM,New,Grocery,Debit,,,
292,2828,68,0,13-03-2025,1,Thursday,0,1,POS,VIP,Travel,Debit,,,
293,3549,41,1,14-03-2025,1,Friday,0,1,Online,Regular,Electronics,Credit,,,
294,4159,34,0,15-03-2025,0,Saturday,1,1,Online,VIP,Fashion,Prepaid,,,
295,4913,89,1,16-03-2025,1,Sunday,1,1,ATM,Regular,Grocery,Debit,,,
296,1791,64,1,17-03-2025,0,Monday,0,1,ATM,VIP,Electronics,Prepaid,,,
297,2522,58,1,18-03-2025,1,Tuesday,0,1,Online,New,Grocery,Credit,,,
298,469,90,1,19-03-2025,0,Wednesday,0,0,POS,Regular,Fashion,Prepaid,,,
299,3316,96,1,20-03-2025,0,Thursday,0,1,ATM,Regular,Fashion,Prepaid,,,
300,2769,69,1,21-03-2025,1,Friday,0,1,POS,New,Electronics,Credit,,,
301,4467,70,1,22-03-2025,0,Saturday,1,1,ATM,VIP,Electronics,Debit,,,
302,3336,88,1,23-03-2025,1,Sunday,1,1,ATM,New,Travel,Debit,,,
303,694,84,1,24-03-2025,0,Monday,0,0,POS,VIP,Fashion,Debit,,,
304,3274,7,0,25-03-2025,1,Tuesday,0,1,POS,VIP,Fashion,Debit,,,
305,3796,21,0,26-03-2025,0,Wednesday,0,1,Online,New,Travel,Debit,,,
306,348,33,0,27-03-2025,1,Thursday,0,0,POS,New,Electronics,Prepaid,,,
307,403,66,1,28-03-2025,0,Friday,0,0,ATM,VIP,Electronics,Prepaid,,,
308,470,68,1,29-03-2025,1,Saturday,1,0,ATM,VIP,Grocery,Prepaid,,,
309,1035,60,0,30-03-2025,0,Sunday,1,1,Online,VIP,Fashion,Prepaid,,,
310,1038,48,1,31-03-2025,0,Monday,0,1,Online,VIP,Electronics,Prepaid,,,
311,1618,91,0,01-03-2025,1,Saturday,1,1,Online,New,Travel,Debit,,,
312,4407,72,1,02-03-2025,0,Sunday,1,1,ATM,VIP,Fashion,Debit,,,
313,2052,57,1,03-03-2025,0,Monday,0,1,Online,Regular,Electronics,Credit,,,
314,824,62,0,04-03-2025,1,Tuesday,0,0,POS,VIP,Grocery,Prepaid,,,
315,2382,11,0,05-03-2025,1,Wednesday,0,1,ATM,Regular,Electronics,Prepaid,,,
316,2849,54,1,06-03-2025,1,Thursday,0,1,ATM,VIP,Grocery,Prepaid,,,
317,2051,62,1,07-03-2025,1,Friday,0,1,POS,Regular,Fashion,Prepaid,,,
318,890,10,1,08-03-2025,0,Saturday,1,0,POS,Regular,Electronics,Prepaid,,,
319,2393,86,1,09-03-2025,1,Sunday,1,1,POS,Regular,Grocery,Debit,,,
320,3822,61,0,10-03-2025,1,Monday,0,1,Online,Regular,Travel,Prepaid,,,
321,3504,45,1,11-03-2025,1,Tuesday,0,1,ATM,VIP,Travel,Debit,,,
322,3079,22,1,12-03-2025,0,Wednesday,0,1,Online,Regular,Travel,Credit,,,
323,1431,58,1,13-03-2025,0,Thursday,0,1,ATM,VIP,Electronics,Credit,,,
324,1545,22,0,14-03-2025,1,Friday,0,1,ATM,Regular,Fashion,Debit,,,
325,2805,63,1,15-03-2025,0,Saturday,1,1,POS,New,Grocery,Debit,,,
326,3108,42,0,16-03-2025,0,Sunday,1,1,Online,Regular,Grocery,Debit,,,
327,420,81,1,17-03-2025,1,Monday,0,0,ATM,New,Electronics,Debit,,,
328,2089,33,0,18-03-2025,1,Tuesday,0,1,POS,New,Grocery,Prepaid,,,
329,1207,55,1,19-03-2025,1,Wednesday,0,1,POS,New,Fashion,Prepaid,,,
330,1132,84,1,20-03-2025,0,Thursday,0,1,ATM,VIP,Travel,Prepaid,,,
331,2877,75,1,21-03-2025,1,Friday,0,1,ATM,Regular,Fashion,Credit,,,
332,3993,48,1,22-03-2025,0,Saturday,1,1,ATM,Regular,Grocery,Credit,,,
333,338,26,0,23-03-2025,0,Sunday,1,0,Online,VIP,Travel,Debit,,,
334,4103,90,0,24-03-2025,1,Monday,0,1,POS,New,Travel,Credit,,,
335,163,71,0,25-03-2025,1,Tuesday,0,0,ATM,New,Fashion,Credit,,,
336,2833,83,0,26-03-2025,0,Wednesday,0,1,POS,Regular,Fashion,Debit,,,
337,298,72,0,27-03-2025,0,Thursday,0,0,Online,Regular,Travel,Prepaid,,,
338,2321,90,1,28-03-2025,0,Friday,0,1,POS,VIP,Grocery,Credit,,,
339,3645,7,0,29-03-2025,0,Saturday,1,1,ATM,Regular,Electronics,Credit,,,
340,2718,55,1,30-03-2025,0,Sunday,1,1,POS,Regular,Fashion,Credit,,,
341,3994,11,1,31-03-2025,0,Monday,0,1,ATM,VIP,Travel,Debit,,,
342,314,45,0,01-03-2025,1,Saturday,1,0,POS,New,Travel,Prepaid,,,
343,774,97,0,02-03-2025,1,Sunday,1,0,ATM,Regular,Travel,Credit,,,
344,3229,65,1,03-03-2025,0,Monday,0,1,POS,VIP,Fashion,Credit,,,
345,3920,9,0,04-03-2025,0,Tuesday,0,1,ATM,New,Grocery,Prepaid,,,
346,2915,51,0,05-03-2025,1,Wednesday,0,1,ATM,New,Electronics,Credit,,,
347,4491,83,0,06-03-2025,1,Thursday,0,1,Online,New,Fashion,Prepaid,,,
348,955,54,1,07-03-2025,1,Friday,0,0,Online,New,Travel,Credit,,,
349,2256,85,0,08-03-2025,1,Saturday,1,1,POS,VIP,Grocery,Debit,,,
350,1288,30,0,09-03-2025,0,Sunday,1,1,POS,VIP,Grocery,Prepaid,,,
351,1998,15,0,10-03-2025,0,Monday,0,1,POS,VIP,Grocery,Credit,,,
352,3768,69,0,11-03-2025,1,Tuesday,0,1,ATM,Regular,Electronics,Debit,,,
353,426,90,1,12-03-2025,0,Wednesday,0,0,POS,Regular,Travel,Debit,,,
354,767,17,0,13-03-2025,0,Thursday,0,0,ATM,New,Grocery,Prepaid,,,
355,4188,7,0,14-03-2025,0,Friday,0,1,Online,VIP,Fashion,Credit,,,
356,46,68,1,15-03-2025,0,Saturday,1,0,POS,New,Fashion,Debit,,,
357,2015,43,0,16-03-2025,1,Sunday,1,1,ATM,New,Fashion,Debit,,,
358,2287,12,1,17-03-2025,0,Monday,0,1,Online,Regular,Fashion,Credit,,,
359,943,14,1,18-03-2025,0,Tuesday,0,0,POS,New,Electronics,Prepaid,,,
360,2314,97,1,19-03-2025,1,Wednesday,0,1,Online,New,Electronics,Debit,,,
361,890,90,1,20-03-2025,0,Thursday,0,0,ATM,Regular,Electronics,Debit,,,
362,1608,100,1,21-03-2025,1,Friday,0,1,Online,VIP,Electronics,Credit,,,
363,1951,37,1,22-03-2025,1,Saturday,1,1,Online,VIP,Travel,Debit,,,
364,2911,46,0,23-03-2025,1,Sunday,1,1,ATM,VIP,Electronics,Prepaid,,,
365,1731,8,0,24-03-2025,1,Monday,0,1,ATM,VIP,Grocery,Debit,,,
366,3347,48,0,25-03-2025,1,Tuesday,0,1,Online,VIP,Travel,Prepaid,,,
367,3074,53,0,26-03-2025,1,Wednesday,0,1,Online,VIP,Electronics,Debit,,,
368,2236,81,0,27-03-2025,1,Thursday,0,1,ATM,VIP,Grocery,Prepaid,,,
369,394,3,0,28-03-2025,0,Friday,0,0,Online,VIP,Electronics,Credit,,,
370,4768,65,0,29-03-2025,0,Saturday,1,1,POS,VIP,Travel,Prepaid,,,
371,4074,18,1,30-03-2025,0,Sunday,1,1,POS,Regular,Travel,Credit,,,
372,4843,55,0,31-03-2025,0,Monday,0,1,ATM,VIP,Fashion,Credit,,,
373,4096,2,0,01-03-2025,1,Saturday,1,1,Online,Regular,Electronics,Credit,,,
374,3370,90,0,02-03-2025,0,Sunday,1,1,ATM,VIP,Electronics,Debit,,,
375,3856,25,1,03-03-2025,0,Monday,0,1,Online,Regular,Fashion,Debit,,,
376,1642,79,1,04-03-2025,0,Tuesday,0,1,Online,Regular,Fashion,Prepaid,,,
377,4067,75,0,05-03-2025,0,Wednesday,0,1,POS,Regular,Electronics,Credit,,,
378,2428,69,0,06-03-2025,0,Thursday,0,1,Online,New,Electronics,Debit,,,
379,4906,68,0,07-03-2025,1,Friday,0,1,ATM,VIP,Grocery,Credit,,,
380,3082,80,0,08-03-2025,0,Saturday,1,1,Online,New,Electronics,Prepaid,,,
381,1222,80,0,09-03-2025,1,Sunday,1,1,POS,New,Travel,Credit,,,
382,3008,20,0,10-03-2025,0,Monday,0,1,Online,Regular,Travel,Prepaid,,,
383,2849,87,1,11-03-2025,1,Tuesday,0,1,Online,New,Travel,Credit,,,
384,338,9,0,12-03-2025,1,Wednesday,0,0,ATM,VIP,Electronics,Credit,,,
385,3176,63,0,13-03-2025,0,Thursday,0,1,POS,Regular,Electronics,Prepaid,,,
386,3733,6,0,14-03-2025,0,Friday,0,1,POS,VIP,Fashion,Debit,,,
387,1420,51,0,15-03-2025,1,Saturday,1,1,Online,Regular,Grocery,Credit,,,
388,2930,19,1,16-03-2025,1,Sunday,1,1,ATM,New,Travel,Prepaid,,,
389,518,41,1,17-03-2025,1,Monday,0,0,Online,Regular,Grocery,Debit,,,
390,1802,81,0,18-03-2025,1,Tuesday,0,1,POS,Regular,Electronics,Debit,,,
391,4910,70,0,19-03-2025,0,Wednesday,0,1,ATM,Regular,Grocery,Prepaid,,,
392,2195,85,1,20-03-2025,1,Thursday,0,1,Online,New,Travel,Debit,,,
393,3327,65,0,21-03-2025,0,Friday,0,1,Online,Regular,Grocery,Credit,,,
394,1371,68,1,22-03-2025,0,Saturday,1,1,Online,VIP,Grocery,Prepaid,,,
395,1201,12,1,23-03-2025,1,Sunday,1,1,Online,Regular,Fashion,Debit,,,
396,2917,25,1,24-03-2025,1,Monday,0,1,Online,Regular,Fashion,Credit,,,
397,1494,45,1,25-03-2025,0,Tuesday,0,1,ATM,VIP,Grocery,Debit,,,
398,1620,80,1,26-03-2025,1,Wednesday,0,1,ATM,New,Travel,Debit,,,
399,1243,13,1,27-03-2025,0,Thursday,0,1,Online,VIP,Travel,Prepaid,,,
400,4341,37,0,28-03-2025,0,Friday,0,1,POS,New,Grocery,Credit,,,
401,1367,41,0,29-03-2025,0,Saturday,1,1,ATM,VIP,Grocery,Prepaid,,,
402,3066,99,1,30-03-2025,1,Sunday,1,1,Online,VIP,Grocery,Debit,,,
403,29,100,1,31-03-2025,0,Monday,0,0,POS,VIP,Fashion,Debit,,,
404,2791,49,1,01-03-2025,1,Saturday,1,1,ATM,Regular,Travel,Prepaid,,,
405,1547,70,1,02-03-2025,1,Sunday,1,1,POS,VIP,Travel,Debit,,,
406,2036,38,1,03-03-2025,0,Monday,0,1,POS,New,Fashion,Credit,,,
407,4234,57,1,04-03-2025,1,Tuesday,0,1,ATM,New,Fashion,Credit,,,
408,4862,76,1,05-03-2025,0,Wednesday,0,1,Online,Regular,Fashion,Prepaid,,,
409,513,95,0,06-03-2025,1,Thursday,0,0,ATM,Regular,Travel,Prepaid,,,
410,4176,39,1,07-03-2025,0,Friday,0,1,Online,New,Travel,Debit,,,
411,4062,77,1,08-03-2025,1,Saturday,1,1,POS,Regular,Electronics,Prepaid,,,
412,3400,5,1,09-03-2025,1,Sunday,1,1,POS,New,Fashion,Debit,,,
413,3428,47,1,10-03-2025,1,Monday,0,1,POS,New,Electronics,Prepaid,,,
414,2540,80,0,11-03-2025,0,Tuesday,0,1,Online,VIP,Electronics,Prepaid,,,
415,2694,4,1,12-03-2025,0,Wednesday,0,1,POS,VIP,Travel,Debit,,,
416,4393,94,1,13-03-2025,1,Thursday,0,1,POS,Regular,Fashion,Debit,,,
417,4470,46,0,14-03-2025,0,Friday,0,1,ATM,New,Travel,Prepaid,,,
418,576,73,1,15-03-2025,0,Saturday,1,0,POS,Regular,Grocery,Credit,,,
419,1436,57,0,16-03-2025,1,Sunday,1,1,ATM,VIP,Electronics,Debit,,,
420,713,89,0,17-03-2025,1,Monday,0,0,ATM,New,Fashion,Debit,,,
421,1615,39,0,18-03-2025,0,Tuesday,0,1,Online,VIP,Fashion,Credit,,,
422,42,99,0,19-03-2025,0,Wednesday,0,0,POS,New,Fashion,Debit,,,
423,340,93,1,20-03-2025,0,Thursday,0,0,ATM,New,Grocery,Prepaid,,,
424,2130,69,1,21-03-2025,0,Friday,0,1,Online,Regular,Electronics,Credit,,,
425,1522,54,0,22-03-2025,0,Saturday,1,1,Online,New,Electronics,Debit,,,
426,100,71,1,23-03-2025,0,Sunday,1,0,POS,Regular,Electronics,Credit,,,
427,2538,5,0,24-03-2025,1,Monday,0,1,Online,New,Travel,Prepaid,,,
428,2125,39,0,25-03-2025,0,Tuesday,0,1,Online,VIP,Electronics,Credit,,,
429,460,18,0,26-03-2025,0,Wednesday,0,0,POS,New,Electronics,Debit,,,
430,4784,100,0,27-03-2025,1,Thursday,0,1,Online,VIP,Grocery,Prepaid,,,
431,1012,38,0,28-03-2025,0,Friday,0,1,POS,VIP,Fashion,Credit,,,
432,2167,44,1,29-03-2025,0,Saturday,1,1,ATM,VIP,Travel,Prepaid,,,
433,757,42,1,30-03-2025,0,Sunday,1,0,POS,Regular,Electronics,Debit,,,
434,526,65,1,31-03-2025,0,Monday,0,0,Online,New,Grocery,Debit,,,
435,4022,16,0,01-03-2025,0,Saturday,1,1,Online,New,Travel,Prepaid,,,
436,3055,72,0,02-03-2025,1,Sunday,1,1,POS,New,Fashion,Debit,,,
437,4898,38,0,03-03-2025,0,Monday,0,1,ATM,VIP,Grocery,Prepaid,,,
438,3310,40,0,04-03-2025,0,Tuesday,0,1,Online,VIP,Travel,Prepaid,,,
439,4547,33,1,05-03-2025,0,Wednesday,0,1,POS,New,Travel,Prepaid,,,
440,2018,88,0,06-03-2025,0,Thursday,0,1,Online,VIP,Electronics,Credit,,,
441,2788,31,0,07-03-2025,0,Friday,0,1,POS,New,Electronics,Debit,,,
442,4385,70,1,08-03-2025,0,Saturday,1,1,Online,Regular,Electronics,Credit,,,
443,2380,73,1,09-03-2025,1,Sunday,1,1,POS,New,Grocery,Credit,,,
444,1892,21,1,10-03-2025,1,Monday,0,1,POS,New,Fashion,Prepaid,,,
445,143,94,0,11-03-2025,0,Tuesday,0,0,Online,VIP,Grocery,Debit,,,
446,3910,6,1,12-03-2025,1,Wednesday,0,1,POS,New,Fashion,Credit,,,
447,4979,71,0,13-03-2025,0,Thursday,0,1,POS,New,Electronics,Debit,,,
448,2045,89,0,14-03-2025,0,Friday,0,1,ATM,Regular,Electronics,Debit,,,
449,2523,90,0,15-03-2025,1,Saturday,1,1,POS,VIP,Fashion,Prepaid,,,
450,3346,54,0,16-03-2025,1,Sunday,1,1,Online,VIP,Grocery,Prepaid,,,
451,4750,84,0,17-03-2025,1,Monday,0,1,Online,Regular,Travel,Prepaid,,,
452,3561,20,1,18-03-2025,0,Tuesday,0,1,POS,New,Electronics,Debit,,,
453,3419,49,1,19-03-2025,0,Wednesday,0,1,POS,New,Fashion,Prepaid,,,
454,2489,1,1,20-03-2025,0,Thursday,0,1,Online,Regular,Travel,Prepaid,,,
455,174,23,0,21-03-2025,0,Friday,0,0,Online,Regular,Electronics,Debit,,,
456,2689,21,0,22-03-2025,0,Saturday,1,1,Online,New,Travel,Debit,,,
457,2561,25,0,23-03-2025,1,Sunday,1,1,Online,Regular,Fashion,Credit,,,
458,4345,94,0,24-03-2025,0,Monday,0,1,POS,New,Fashion,Credit,,,
459,1417,69,0,25-03-2025,0,Tuesday,0,1,Online,VIP,Fashion,Credit,,,
460,209,100,0,26-03-2025,0,Wednesday,0,0,ATM,New,Fashion,Prepaid,,,
461,230,65,0,27-03-2025,0,Thursday,0,0,ATM,VIP,Grocery,Debit,,,
462,4191,77,0,28-03-2025,0,Friday,0,1,Online,New,Fashion,Debit,,,
463,3978,28,0,29-03-2025,0,Saturday,1,1,Online,Regular,Electronics,Debit,,,
464,2408,37,0,30-03-2025,0,Sunday,1,1,Online,New,Grocery,Debit,,,
465,3532,43,0,31-03-2025,1,Monday,0,1,Online,VIP,Grocery,Debit,,,
466,517,71,0,01-03-2025,0,Saturday,1,0,POS,Regular,Travel,Debit,,,
467,2361,88,1,02-03-2025,0,Sunday,1,1,ATM,VIP,Fashion,Debit,,,
468,4119,23,1,03-03-2025,1,Monday,0,1,POS,Regular,Electronics,Prepaid,,,
469,2059,54,1,04-03-2025,0,Tuesday,0,1,ATM,New,Travel,Debit,,,
470,1216,57,1,05-03-2025,1,Wednesday,0,1,POS,Regular,Grocery,Debit,,,
471,4978,48,1,06-03-2025,0,Thursday,0,1,ATM,Regular,Travel,Debit,,,
472,4223,17,0,07-03-2025,1,Friday,0,1,POS,New,Electronics,Prepaid,,,
473,4084,98,0,08-03-2025,0,Saturday,1,1,Online,New,Fashion,Debit,,,
474,3982,67,1,09-03-2025,0,Sunday,1,1,Online,Regular,Travel,Credit,,,
475,4601,28,0,10-03-2025,1,Monday,0,1,POS,VIP,Electronics,Credit,,,
476,1888,48,1,11-03-2025,0,Tuesday,0,1,ATM,VIP,Travel,Prepaid,,,
477,1196,90,1,12-03-2025,1,Wednesday,0,1,ATM,New,Grocery,Credit,,,
478,1186,39,0,13-03-2025,0,Thursday,0,1,POS,New,Electronics,Credit,,,
479,800,14,1,14-03-2025,1,Friday,0,0,ATM,VIP,Electronics,Credit,,,
480,556,12,1,15-03-2025,1,Saturday,1,0,ATM,New,Electronics,Debit,,,
481,4124,89,0,16-03-2025,1,Sunday,1,1,Online,Regular,Electronics,Prepaid,,,
482,2298,91,0,17-03-2025,1,Monday,0,1,Online,VIP,Electronics,Prepaid,,,
483,1189,32,0,18-03-2025,1,Tuesday,0,1,ATM,Regular,Electronics,Credit,,,
484,1360,30,0,19-03-2025,1,Wednesday,0,1,ATM,New,Electronics,Prepaid,,,
485,2786,28,0,20-03-2025,1,Thursday,0,1,POS,Regular,Grocery,Debit,,,
486,170,75,0,21-03-2025,0,Friday,0,0,POS,VIP,Electronics,Credit,,,
487,4092,28,0,22-03-2025,0,Saturday,1,1,ATM,VIP,Fashion,Prepaid,,,
488,182,38,1,23-03-2025,0,Sunday,1,0,ATM,New,Electronics,Prepaid,,,
489,4123,19,1,24-03-2025,0,Monday,0,1,ATM,New,Travel,Prepaid,,,
490,3965,27,0,25-03-2025,0,Tuesday,0,1,ATM,New,Travel,Prepaid,,,
491,4213,34,1,26-03-2025,1,Wednesday,0,1,ATM,Regular,Fashion,Credit,,,
492,1088,20,0,27-03-2025,0,Thursday,0,1,ATM,VIP,Fashion,Prepaid,,,
493,2418,92,1,28-03-2025,1,Friday,0,1,Online,VIP,Grocery,Prepaid,,,
494,2162,99,0,29-03-2025,1,Saturday,1,1,Online,Regular,Electronics,Prepaid,,,
495,3139,71,0,30-03-2025,1,Sunday,1,1,ATM,New,Travel,Debit,,,
496,4901,70,0,31-03-2025,1,Monday,0,1,Online,VIP,Grocery,Prepaid,,,
497,4344,93,0,01-03-2025,0,Saturday,1,1,Online,Regular,Travel,Credit,,,
498,4697,36,1,02-03-2025,0,Sunday,1,1,ATM,Regular,Electronics,Debit,,,
499,3040,25,0,03-03-2025,0,Monday,0,1,Online,VIP,Grocery,Credit,,,
500,652,56,0,04-03-2025,0,Tuesday,0,0,ATM,New,Travel,Credit,,,
501,260,22,0,05-03-2025,0,Wednesday,0,0,POS,New,Electronics,Prepaid,,,
502,932,72,0,06-03-2025,1,Thursday,0,0,ATM,Regular,Fashion,Debit,,,
503,4017,87,1,07-03-2025,1,Friday,0,1,ATM,Regular,Grocery,Credit,,,
504,3835,41,1,08-03-2025,1,Saturday,1,1,Online,Regular,Travel,Credit,,,
505,4489,89,0,09-03-2025,0,Sunday,1,1,Online,VIP,Fashion,Credit,,,
506,4181,76,0,10-03-2025,1,Monday,0,1,Online,VIP,Fashion,Debit,,,
507,3909,65,0,11-03-2025,0,Tuesday,0,1,POS,Regular,Electronics,Credit,,,
508,4307,46,0,12-03-2025,1,Wednesday,0,1,ATM,VIP,Grocery,Debit,,,
509,1037,29,1,13-03-2025,1,Thursday,0,1,POS,VIP,Grocery,Credit,,,
510,2011,2,0,14-03-2025,1,Friday,0,1,Online,New,Fashion,Prepaid,,,
511,2321,54,1,15-03-2025,0,Saturday,1,1,ATM,VIP,Grocery,Credit,,,
512,4707,41,1,16-03-2025,1,Sunday,1,1,Online,VIP,Travel,Debit,,,
513,916,88,1,17-03-2025,1,Monday,0,0,POS,New,Grocery,Prepaid,,,
514,2261,82,0,18-03-2025,0,Tuesday,0,1,Online,Regular,Travel,Credit,,,
515,543,8,0,19-03-2025,0,Wednesday,0,0,Online,New,Fashion,Debit,,,
516,2726,72,1,20-03-2025,1,Thursday,0,1,ATM,New,Electronics,Credit,,,
517,161,20,1,21-03-2025,0,Friday,0,0,POS,VIP,Fashion,Prepaid,,,
518,296,41,1,22-03-2025,0,Saturday,1,0,Online,New,Travel,Credit,,,
519,2915,21,1,23-03-2025,0,Sunday,1,1,POS,Regular,Travel,Prepaid,,,
520,1897,96,0,24-03-2025,1,Monday,0,1,ATM,New,Electronics,Debit,,,
521,1357,95,0,25-03-2025,1,Tuesday,0,1,ATM,VIP,Travel,Debit,,,
522,4762,18,0,26-03-2025,1,Wednesday,0,1,ATM,Regular,Travel,Prepaid,,,
523,425,87,1,27-03-2025,1,Thursday,0,0,Online,VIP,Electronics,Debit,,,
524,777,56,0,28-03-2025,0,Friday,0,0,Online,Regular,Electronics,Debit,,,
525,2885,8,1,29-03-2025,0,Saturday,1,1,POS,Regular,Travel,Credit,,,
526,3467,87,1,30-03-2025,0,Sunday,1,1,ATM,Regular,Fashion,Credit,,,
527,2320,56,0,31-03-2025,1,Monday,0,1,Online,VIP,Fashion,Debit,,,
528,1070,28,0,01-03-2025,1,Saturday,1,1,Online,VIP,Travel,Prepaid,,,
529,3424,70,1,02-03-2025,1,Sunday,1,1,ATM,New,Grocery,Credit,,,
530,2440,99,1,03-03-2025,1,Monday,0,1,POS,VIP,Fashion,Debit,,,
531,4147,8,1,04-03-2025,1,Tuesday,0,1,POS,Regular,Travel,Prepaid,,,
532,1597,99,0,05-03-2025,0,Wednesday,0,1,POS,Regular,Travel,Debit,,,
533,3272,45,0,06-03-2025,1,Thursday,0,1,Online,New,Fashion,Credit,,,
534,3900,86,0,07-03-2025,0,Friday,0,1,Online,New,Grocery,Prepaid,,,
535,2595,8,0,08-03-2025,1,Saturday,1,1,ATM,VIP,Travel,Credit,,,
536,3085,16,1,09-03-2025,1,Sunday,1,1,ATM,VIP,Electronics,Prepaid,,,
537,3676,52,0,10-03-2025,1,Monday,0,1,ATM,VIP,Grocery,Debit,,,
538,69,76,1,11-03-2025,1,Tuesday,0,0,Online,Regular,Fashion,Debit,,,
539,3079,89,0,12-03-2025,0,Wednesday,0,1,Online,Regular,Grocery,Prepaid,,,
540,3559,13,1,13-03-2025,1,Thursday,0,1,ATM,Regular,Electronics,Credit,,,
541,4033,63,0,14-03-2025,1,Friday,0,1,ATM,New,Fashion,Prepaid,,,
542,822,94,0,15-03-2025,0,Saturday,1,0,Online,New,Grocery,Debit,,,
543,686,29,1,16-03-2025,0,Sunday,1,0,ATM,VIP,Grocery,Prepaid,,,
544,4206,74,0,17-03-2025,0,Monday,0,1,POS,VIP,Grocery,Credit,,,
545,3400,42,0,18-03-2025,0,Tuesday,0,1,POS,New,Fashion,Credit,,,
546,4149,81,1,19-03-2025,1,Wednesday,0,1,POS,Regular,Fashion,Debit,,,
547,4991,74,1,20-03-2025,0,Thursday,0,1,ATM,New,Travel,Debit,,,
548,1759,2,1,21-03-2025,0,Friday,0,1,Online,VIP,Fashion,Credit,,,
549,3955,66,0,22-03-2025,1,Saturday,1,1,POS,New,Fashion,Debit,,,
550,807,28,1,23-03-2025,0,Sunday,1,0,POS,Regular,Travel,Credit,,,
551,748,96,1,24-03-2025,0,Monday,0,0,POS,Regular,Travel,Debit,,,
552,1800,81,1,25-03-2025,1,Tuesday,0,1,POS,New,Travel,Debit,,,
553,1518,37,1,26-03-2025,1,Wednesday,0,1,POS,Regular,Electronics,Credit,,,
554,119,71,0,27-03-2025,1,Thursday,0,0,Online,Regular,Electronics,Prepaid,,,
555,3642,70,0,28-03-2025,0,Friday,0,1,ATM,Regular,Grocery,Credit,,,
556,2813,33,1,29-03-2025,0,Saturday,1,1,Online,Regular,Fashion,Prepaid,,,
557,3126,52,0,30-03-2025,1,Sunday,1,1,ATM,Regular,Electronics,Credit,,,
558,3959,30,1,31-03-2025,1,Monday,0,1,ATM,VIP,Fashion,Prepaid,,,
559,432,43,1,01-03-2025,1,Saturday,1,0,ATM,Regular,Grocery,Debit,,,
560,864,69,0,02-03-2025,0,Sunday,1,0,ATM,Regular,Electronics,Debit,,,
561,1310,84,0,03-03-2025,1,Monday,0,1,Online,VIP,Travel,Prepaid,,,
562,3299,67,1,04-03-2025,1,Tuesday,0,1,ATM,New,Fashion,Credit,,,
563,4788,40,0,05-03-2025,1,Wednesday,0,1,POS,New,Grocery,Credit,,,
564,3709,73,1,06-03-2025,0,Thursday,0,1,ATM,New,Grocery,Credit,,,
565,4494,46,0,07-03-2025,0,Friday,0,1,Online,New,Fashion,Credit,,,
566,3830,47,0,08-03-2025,1,Saturday,1,1,POS,New,Fashion,Credit,,,
567,3757,45,0,09-03-2025,1,Sunday,1,1,Online,VIP,Travel,Prepaid,,,
568,391,72,1,10-03-2025,1,Monday,0,0,POS,Regular,Electronics,Debit,,,
569,3302,30,1,11-03-2025,1,Tuesday,0,1,Online,VIP,Fashion,Prepaid,,,
570,1613,64,0,12-03-2025,1,Wednesday,0,1,ATM,Regular,Travel,Prepaid,,,
571,1315,99,1,13-03-2025,0,Thursday,0,1,ATM,New,Travel,Prepaid,,,
572,3972,62,1,14-03-2025,1,Friday,0,1,ATM,New,Electronics,Debit,,,
573,1191,80,0,15-03-2025,0,Saturday,1,1,ATM,Regular,Travel,Credit,,,
574,956,30,0,16-03-2025,1,Sunday,1,0,ATM,New,Fashion,Prepaid,,,
575,4847,48,0,17-03-2025,1,Monday,0,1,ATM,VIP,Grocery,Prepaid,,,
576,102,48,0,18-03-2025,0,Tuesday,0,0,Online,Regular,Travel,Debit,,,
577,3840,3,1,19-03-2025,1,Wednesday,0,1,ATM,Regular,Electronics,Prepaid,,,
578,761,49,0,20-03-2025,1,Thursday,0,0,Online,New,Grocery,Credit,,,
579,3776,99,0,21-03-2025,1,Friday,0,1,POS,Regular,Fashion,Debit,,,
580,797,74,0,22-03-2025,1,Saturday,1,0,Online,Regular,Electronics,Debit,,,
581,2088,88,0,23-03-2025,1,Sunday,1,1,ATM,VIP,Electronics,Prepaid,,,
582,2431,35,0,24-03-2025,0,Monday,0,1,POS,New,Fashion,Credit,,,
583,3090,19,0,25-03-2025,1,Tuesday,0,1,Online,VIP,Fashion,Debit,,,
584,1950,90,0,26-03-2025,1,Wednesday,0,1,POS,VIP,Fashion,Prepaid,,,
585,876,71,1,27-03-2025,1,Thursday,0,0,POS,VIP,Travel,Prepaid,,,
586,1871,59,1,28-03-2025,1,Friday,0,1,Online,VIP,Grocery,Debit,,,
587,685,84,0,29-03-2025,1,Saturday,1,0,ATM,Regular,Electronics,Credit,,,
588,1242,35,0,30-03-2025,0,Sunday,1,1,POS,New,Grocery,Debit,,,
589,3629,48,1,31-03-2025,0,Monday,0,1,Online,VIP,Grocery,Prepaid,,,
590,2642,27,1,01-03-2025,0,Saturday,1,1,POS,VIP,Travel,Credit,,,
591,4809,58,0,02-03-2025,1,Sunday,1,1,POS,Regular,Fashion,Debit,,,
592,3913,54,0,03-03-2025,1,Monday,0,1,POS,Regular,Travel,Credit,,,
593,3047,33,1,04-03-2025,1,Tuesday,0,1,Online,VIP,Electronics,Prepaid,,,
594,1093,43,1,05-03-2025,0,Wednesday,0,1,POS,Regular,Travel,Debit,,,
595,1537,91,1,06-03-2025,0,Thursday,0,1,POS,New,Fashion,Debit,,,
596,2995,7,0,07-03-2025,1,Friday,0,1,Online,Regular,Electronics,Prepaid,,,
597,1674,81,0,08-03-2025,1,Saturday,1,1,POS,VIP,Electronics,Credit,,,
598,2320,28,1,09-03-2025,0,Sunday,1,1,POS,New,Travel,Prepaid,,,
599,1788,57,1,10-03-2025,0,Monday,0,1,POS,VIP,Grocery,Credit,,,
600,553,40,1,11-03-2025,0,Tuesday,0,0,Online,VIP,Electronics,Debit,,,
601,398,94,0,12-03-2025,1,Wednesday,0,0,ATM,VIP,Travel,Prepaid,,,
602,4365,75,1,13-03-2025,1,Thursday,0,1,ATM,VIP,Travel,Debit,,,
603,577,2,0,14-03-2025,0,Friday,0,0,ATM,New,Travel,Debit,,,
604,1132,34,0,15-03-2025,1,Saturday,1,1,Online,New,Fashion,Debit,,,
605,4778,12,0,16-03-2025,0,Sunday,1,1,Online,New,Grocery,Debit,,,
606,4840,84,0,17-03-2025,0,Monday,0,1,Online,VIP,Fashion,Credit,,,
607,1536,68,0,18-03-2025,1,Tuesday,0,1,Online,Regular,Fashion,Prepaid,,,
608,1650,66,1,19-03-2025,0,Wednesday,0,1,POS,Regular,Electronics,Credit,,,
609,932,99,0,20-03-2025,0,Thursday,0,0,ATM,VIP,Electronics,Prepaid,,,
610,1910,14,1,21-03-2025,0,Friday,0,1,ATM,VIP,Grocery,Prepaid,,,
611,4318,7,1,22-03-2025,0,Saturday,1,1,POS,Regular,Grocery,Prepaid,,,
612,1198,88,0,23-03-2025,0,Sunday,1,1,Online,New,Grocery,Debit,,,
613,2981,93,1,24-03-2025,1,Monday,0,1,Online,VIP,Electronics,Debit,,,
614,613,19,0,25-03-2025,1,Tuesday,0,0,POS,New,Fashion,Credit,,,
615,2036,18,1,26-03-2025,0,Wednesday,0,1,POS,VIP,Fashion,Prepaid,,,
616,1791,26,1,27-03-2025,0,Thursday,0,1,POS,VIP,Electronics,Debit,,,
617,1066,99,1,28-03-2025,1,Friday,0,1,ATM,Regular,Grocery,Debit,,,
618,2198,96,0,29-03-2025,0,Saturday,1,1,ATM,VIP,Travel,Prepaid,,,
619,1411,37,0,30-03-2025,1,Sunday,1,1,POS,Regular,Travel,Prepaid,,,
620,3105,22,1,31-03-2025,0,Monday,0,1,ATM,VIP,Fashion,Debit,,,
621,3658,36,0,01-03-2025,0,Saturday,1,1,POS,New,Grocery,Credit,,,
622,3386,86,0,02-03-2025,0,Sunday,1,1,Online,Regular,Travel,Credit,,,
623,4441,85,0,03-03-2025,0,Monday,0,1,Online,VIP,Fashion,Debit,,,
624,601,49,1,04-03-2025,0,Tuesday,0,0,ATM,VIP,Electronics,Credit,,,
625,1896,2,1,05-03-2025,0,Wednesday,0,1,Online,Regular,Travel,Debit,,,
626,1446,29,1,06-03-2025,1,Thursday,0,1,ATM,VIP,Fashion,Prepaid,,,
627,1703,56,0,07-03-2025,1,Friday,0,1,Online,Regular,Travel,Prepaid,,,
628,4541,63,1,08-03-2025,0,Saturday,1,1,ATM,New,Grocery,Credit,,,
629,3196,92,0,09-03-2025,1,Sunday,1,1,Online,New,Electronics,Credit,,,
630,3677,27,1,10-03-2025,1,Monday,0,1,POS,New,Travel,Prepaid,,,
631,4824,38,1,11-03-2025,0,Tuesday,0,1,POS,VIP,Travel,Credit,,,
632,2082,4,0,12-03-2025,1,Wednesday,0,1,Online,New,Grocery,Credit,,,
633,2577,79,0,13-03-2025,1,Thursday,0,1,POS,New,Fashion,Prepaid,,,
634,1445,71,1,14-03-2025,1,Friday,0,1,ATM,VIP,Fashion,Credit,,,
635,2781,82,0,15-03-2025,0,Saturday,1,1,ATM,VIP,Fashion,Credit,,,
636,4650,56,1,16-03-2025,1,Sunday,1,1,ATM,Regular,Grocery,Prepaid,,,
637,385,100,1,17-03-2025,1,Monday,0,0,ATM,VIP,Fashion,Debit,,,
638,2670,55,0,18-03-2025,0,Tuesday,0,1,Online,Regular,Fashion,Credit,,,
639,3860,54,0,19-03-2025,0,Wednesday,0,1,ATM,New,Fashion,Prepaid,,,
640,4762,20,1,20-03-2025,0,Thursday,0,1,Online,VIP,Grocery,Debit,,,
641,1138,89,0,21-03-2025,0,Friday,0,1,ATM,New,Fashion,Debit,,,
642,4102,100,1,22-03-2025,0,Saturday,1,1,Online,VIP,Fashion,Prepaid,,,
643,2535,16,0,23-03-2025,1,Sunday,1,1,Online,Regular,Travel,Prepaid,,,
644,2048,74,1,24-03-2025,0,Monday,0,1,ATM,New,Fashion,Prepaid,,,
645,1101,74,0,25-03-2025,1,Tuesday,0,1,ATM,Regular,Travel,Credit,,,
646,3093,19,1,26-03-2025,1,Wednesday,0,1,Online,Regular,Electronics,Debit,,,
647,4804,91,0,27-03-2025,0,Thursday,0,1,POS,VIP,Electronics,Credit,,,
648,2412,64,0,28-03-2025,1,Friday,0,1,Online,VIP,Grocery,Debit,,,
649,4708,61,1,29-03-2025,0,Saturday,1,1,POS,Regular,Travel,Credit,,,
650,587,75,0,30-03-2025,1,Sunday,1,0,POS,New,Travel,Debit,,,
651,2102,74,1,31-03-2025,0,Monday,0,1,ATM,VIP,Travel,Prepaid,,,
652,3658,20,0,01-03-2025,0,Saturday,1,1,POS,VIP,Travel,Credit,,,
653,842,18,0,02-03-2025,1,Sunday,1,0,POS,Regular,Grocery,Prepaid,,,
654,2689,20,0,03-03-2025,0,Monday,0,1,Online,Regular,Grocery,Debit,,,
655,4387,92,0,04-03-2025,0,Tuesday,0,1,ATM,Regular,Grocery,Credit,,,
656,560,15,0,05-03-2025,1,Wednesday,0,0,POS,VIP,Electronics,Credit,,,
657,1822,71,1,06-03-2025,0,Thursday,0,1,Online,New,Electronics,Debit,,,
658,932,3,0,07-03-2025,0,Friday,0,0,Online,Regular,Fashion,Credit,,,
659,1524,100,0,08-03-2025,0,Saturday,1,1,ATM,Regular,Travel,Prepaid,,,
660,113,26,1,09-03-2025,1,Sunday,1,0,ATM,Regular,Travel,Prepaid,,,
661,4911,16,1,10-03-2025,0,Monday,0,1,ATM,New,Electronics,Prepaid,,,
662,4570,73,0,11-03-2025,1,Tuesday,0,1,POS,VIP,Electronics,Credit,,,
663,3686,32,0,12-03-2025,0,Wednesday,0,1,ATM,Regular,Electronics,Prepaid,,,
664,483,84,1,13-03-2025,0,Thursday,0,0,POS,New,Grocery,Debit,,,
665,675,55,0,14-03-2025,1,Friday,0,0,ATM,Regular,Electronics,Debit,,,
666,473,40,0,15-03-2025,0,Saturday,1,0,POS,Regular,Grocery,Debit,,,
667,2109,48,1,16-03-2025,0,Sunday,1,1,POS,New,Travel,Prepaid,,,
668,2934,5,1,17-03-2025,0,Monday,0,1,POS,VIP,Grocery,Debit,,,
669,3489,31,0,18-03-2025,0,Tuesday,0,1,ATM,New,Electronics,Credit,,,
670,2763,79,1,19-03-2025,1,Wednesday,0,1,ATM,VIP,Travel,Credit,,,
671,1803,3,0,20-03-2025,0,Thursday,0,1,Online,Regular,Travel,Debit,,,
672,673,81,1,21-03-2025,0,Friday,0,0,POS,Regular,Travel,Debit,,,
673,2840,90,1,22-03-2025,0,Saturday,1,1,POS,New,Electronics,Debit,,,
674,1614,49,0,23-03-2025,1,Sunday,1,1,ATM,VIP,Grocery,Credit,,,
675,2972,52,1,24-03-2025,0,Monday,0,1,Online,Regular,Travel,Credit,,,
676,412,97,0,25-03-2025,0,Tuesday,0,0,Online,Regular,Grocery,Prepaid,,,
677,2056,73,1,26-03-2025,1,Wednesday,0,1,ATM,VIP,Travel,Debit,,,
678,2456,35,1,27-03-2025,0,Thursday,0,1,ATM,New,Grocery,Debit,,,
679,2073,80,1,28-03-2025,0,Friday,0,1,ATM,New,Grocery,Credit,,,
680,2593,71,1,29-03-2025,1,Saturday,1,1,Online,New,Grocery,Credit,,,
681,4242,45,1,30-03-2025,0,Sunday,1,1,ATM,New,Grocery,Debit,,,
682,4655,88,0,31-03-2025,1,Monday,0,1,POS,VIP,Electronics,Prepaid,,,
683,3110,73,0,01-03-2025,1,Saturday,1,1,ATM,Regular,Fashion,Credit,,,
684,3371,79,0,02-03-2025,1,Sunday,1,1,Online,New,Electronics,Credit,,,
685,203,73,1,03-03-2025,0,Monday,0,0,Online,New,Grocery,Credit,,,
686,2840,30,0,04-03-2025,0,Tuesday,0,1,ATM,Regular,Travel,Debit,,,
687,2506,13,0,05-03-2025,0,Wednesday,0,1,Online,New,Electronics,Debit,,,
688,231,28,0,06-03-2025,1,Thursday,0,0,Online,Regular,Electronics,Credit,,,
689,4079,60,1,07-03-2025,0,Friday,0,1,POS,Regular,Fashion,Debit,,,
690,19,35,0,08-03-2025,0,Saturday,1,0,Online,Regular,Grocery,Debit,,,
691,1475,74,1,09-03-2025,1,Sunday,1,1,POS,Regular,Electronics,Prepaid,,,
692,3880,35,1,10-03-2025,1,Monday,0,1,POS,VIP,Electronics,Credit,,,
693,4021,31,0,11-03-2025,1,Tuesday,0,1,Online,New,Grocery,Credit,,,
694,4091,22,0,12-03-2025,0,Wednesday,0,1,POS,New,Travel,Credit,,,
695,277,35,1,13-03-2025,0,Thursday,0,0,POS,Regular,Travel,Debit,,,
696,2532,16,1,14-03-2025,0,Friday,0,1,Online,New,Fashion,Debit,,,
697,1378,90,0,15-03-2025,0,Saturday,1,1,POS,New,Fashion,Credit,,,
698,4272,100,0,16-03-2025,0,Sunday,1,1,POS,New,Electronics,Credit,,,
699,2919,90,0,17-03-2025,0,Monday,0,1,ATM,VIP,Grocery,Credit,,,
700,855,3,0,18-03-2025,0,Tuesday,0,0,Online,Regular,Electronics,Debit,,,
701,2799,31,1,19-03-2025,0,Wednesday,0,1,POS,Regular,Grocery,Prepaid,,,
702,58,54,0,20-03-2025,0,Thursday,0,0,POS,New,Electronics,Prepaid,,,
703,2914,61,0,21-03-2025,0,Friday,0,1,POS,Regular,Fashion,Prepaid,,,
704,1817,83,0,22-03-2025,0,Saturday,1,1,ATM,Regular,Electronics,Prepaid,,,
705,704,62,0,23-03-2025,0,Sunday,1,0,Online,Regular,Electronics,Credit,,,
706,3425,27,0,24-03-2025,1,Monday,0,1,Online,Regular,Fashion,Credit,,,
707,2492,22,1,25-03-2025,1,Tuesday,0,1,Online,Regular,Travel,Credit,,,
708,4984,81,1,26-03-2025,0,Wednesday,0,1,POS,New,Fashion,Credit,,,
709,578,28,0,27-03-2025,0,Thursday,0,0,Online,New,Electronics,Prepaid,,,
710,1978,15,1,28-03-2025,0,Friday,0,1,POS,New,Electronics,Debit,,,
711,1529,17,1,29-03-2025,1,Saturday,1,1,ATM,Regular,Fashion,Credit,,,
712,987,69,0,30-03-2025,0,Sunday,1,0,ATM,New,Fashion,Credit,,,
713,4125,16,0,31-03-2025,0,Monday,0,1,ATM,New,Electronics,Debit,,,
714,4383,25,1,01-03-2025,0,Saturday,1,1,Online,Regular,Electronics,Prepaid,,,
715,3918,61,1,02-03-2025,1,Sunday,1,1,ATM,VIP,Grocery,Prepaid,,,
716,4515,27,0,03-03-2025,1,Monday,0,1,POS,New,Electronics,Credit,,,
717,1357,91,0,04-03-2025,0,Tuesday,0,1,POS,Regular,Fashion,Prepaid,,,
718,1424,10,0,05-03-2025,0,Wednesday,0,1,ATM,New,Travel,Credit,,,
719,3799,76,0,06-03-2025,0,Thursday,0,1,ATM,VIP,Grocery,Prepaid,,,
720,107,75,0,07-03-2025,1,Friday,0,0,ATM,Regular,Grocery,Credit,,,
721,1171,14,1,08-03-2025,1,Saturday,1,1,POS,VIP,Fashion,Prepaid,,,
722,4729,95,1,09-03-2025,1,Sunday,1,1,Online,Regular,Electronics,Prepaid,,,
723,655,33,0,10-03-2025,0,Monday,0,0,Online,VIP,Fashion,Prepaid,,,
724,4886,54,1,11-03-2025,1,Tuesday,0,1,POS,VIP,Travel,Prepaid,,,
725,3307,13,0,12-03-2025,1,Wednesday,0,1,ATM,VIP,Grocery,Credit,,,
726,637,38,0,13-03-2025,0,Thursday,0,0,Online,New,Fashion,Debit,,,
727,1901,48,0,14-03-2025,0,Friday,0,1,Online,New,Grocery,Credit,,,
728,209,50,1,15-03-2025,1,Saturday,1,0,Online,New,Travel,Credit,,,
729,1188,15,1,16-03-2025,1,Sunday,1,1,Online,VIP,Electronics,Debit,,,
730,3545,44,0,17-03-2025,1,Monday,0,1,ATM,Regular,Fashion,Credit,,,
731,1354,74,0,18-03-2025,1,Tuesday,0,1,POS,Regular,Grocery,Credit,,,
732,3522,43,1,19-03-2025,0,Wednesday,0,1,POS,New,Travel,Debit,,,
733,3395,56,1,20-03-2025,1,Thursday,0,1,Online,VIP,Electronics,Debit,,,
734,3009,62,0,21-03-2025,1,Friday,0,1,Online,Regular,Grocery,Debit,,,
735,1384,51,0,22-03-2025,1,Saturday,1,1,Online,Regular,Electronics,Credit,,,
736,4711,20,1,23-03-2025,0,Sunday,1,1,Online,Regular,Electronics,Credit,,,
737,1424,42,1,24-03-2025,1,Monday,0,1,Online,Regular,Fashion,Prepaid,,,
738,557,36,1,25-03-2025,0,Tuesday,0,0,Online,New,Fashion,Credit,,,
739,1615,93,0,26-03-2025,1,Wednesday,0,1,POS,VIP,Grocery,Debit,,,
740,410,63,0,27-03-2025,0,Thursday,0,0,POS,Regular,Fashion,Prepaid,,,
741,3421,99,1,28-03-2025,1,Friday,0,1,Online,VIP,Grocery,Debit,,,
742,2845,2,0,29-03-2025,1,Saturday,1,1,ATM,Regular,Fashion,Debit,,,
743,4664,56,1,30-03-2025,0,Sunday,1,1,POS,VIP,Grocery,Prepaid,,,
744,3534,34,0,31-03-2025,0,Monday,0,1,Online,Regular,Grocery,Prepaid,,,
745,4867,86,0,01-03-2025,0,Saturday,1,1,POS,VIP,Travel,Debit,,,
746,4501,65,1,02-03-2025,0,Sunday,1,1,POS,VIP,Electronics,Debit,,,
747,1658,11,1,03-03-2025,1,Monday,0,1,ATM,New,Travel,Prepaid,,,
748,3913,44,1,04-03-2025,1,Tuesday,0,1,ATM,VIP,Fashion,Credit,,,
749,461,91,1,05-03-2025,0,Wednesday,0,0,ATM,New,Travel,Debit,,,
750,4080,38,0,06-03-2025,1,Thursday,0,1,ATM,New,Fashion,Prepaid,,,
751,4317,86,0,07-03-2025,1,Friday,0,1,Online,Regular,Electronics,Debit,,,
752,2904,28,0,08-03-2025,1,Saturday,1,1,Online,VIP,Electronics,Debit,,,
753,3752,28,1,09-03-2025,0,Sunday,1,1,ATM,Regular,Fashion,Credit,,,
754,2337,78,0,10-03-2025,0,Monday,0,1,POS,VIP,Grocery,Debit,,,
755,3930,23,1,11-03-2025,1,Tuesday,0,1,Online,Regular,Grocery,Credit,,,
756,4935,45,1,12-03-2025,1,Wednesday,0,1,Online,New,Fashion,Credit,,,
757,110,3,0,13-03-2025,1,Thursday,0,0,Online,New,Fashion,Prepaid,,,
758,4087,13,0,14-03-2025,0,Friday,0,1,ATM,New,Grocery,Prepaid,,,
759,1508,8,0,15-03-2025,0,Saturday,1,1,POS,VIP,Grocery,Prepaid,,,
760,282,34,1,16-03-2025,0,Sunday,1,0,ATM,New,Electronics,Credit,,,
761,1746,28,1,17-03-2025,0,Monday,0,1,Online,New,Travel,Debit,,,
762,2055,40,0,18-03-2025,1,Tuesday,0,1,POS,VIP,Travel,Credit,,,
763,2177,37,0,19-03-2025,1,Wednesday,0,1,ATM,New,Grocery,Credit,,,
764,229,40,0,20-03-2025,1,Thursday,0,0,ATM,VIP,Travel,Prepaid,,,
765,4835,3,1,21-03-2025,1,Friday,0,1,POS,New,Travel,Prepaid,,,
766,62,79,1,22-03-2025,1,Saturday,1,0,POS,New,Fashion,Debit,,,
767,981,28,0,23-03-2025,1,Sunday,1,0,ATM,New,Travel,Prepaid,,,
768,120,35,0,24-03-2025,1,Monday,0,0,Online,Regular,Fashion,Credit,,,
769,1747,3,0,25-03-2025,0,Tuesday,0,1,POS,New,Travel,Prepaid,,,
770,1054,76,0,26-03-2025,1,Wednesday,0,1,ATM,VIP,Electronics,Debit,,,
771,557,74,0,27-03-2025,1,Thursday,0,0,ATM,Regular,Fashion,Credit,,,
772,4098,81,0,28-03-2025,1,Friday,0,1,POS,New,Travel,Debit,,,
773,1282,67,1,29-03-2025,1,Saturday,1,1,POS,VIP,Electronics,Debit,,,
774,3403,77,0,30-03-2025,0,Sunday,1,1,Online,New,Travel,Prepaid,,,
775,4577,83,1,31-03-2025,1,Monday,0,1,Online,VIP,Grocery,Credit,,,
776,1716,85,1,01-03-2025,0,Saturday,1,1,Online,VIP,Fashion,Prepaid,,,
777,2323,27,0,02-03-2025,1,Sunday,1,1,Online,New,Grocery,Credit,,,
778,471,9,1,03-03-2025,1,Monday,0,0,POS,Regular,Electronics,Debit,,,
779,2778,34,0,04-03-2025,1,Tuesday,0,1,Online,VIP,Travel,Credit,,,
780,4886,46,1,05-03-2025,1,Wednesday,0,1,POS,VIP,Grocery,Prepaid,,,
781,252,16,1,06-03-2025,0,Thursday,0,0,ATM,New,Grocery,Prepaid,,,
782,3676,39,0,07-03-2025,1,Friday,0,1,Online,New,Electronics,Prepaid,,,
783,4453,96,0,08-03-2025,1,Saturday,1,1,ATM,New,Grocery,Credit,,,
784,98,20,1,09-03-2025,0,Sunday,1,0,POS,New,Travel,Prepaid,,,
785,2084,31,1,10-03-2025,0,Monday,0,1,Online,VIP,Fashion,Credit,,,
786,4975,72,1,11-03-2025,0,Tuesday,0,1,ATM,VIP,Grocery,Debit,,,
787,3788,67,1,12-03-2025,1,Wednesday,0,1,POS,New,Grocery,Debit,,,
788,728,93,1,13-03-2025,0,Thursday,0,0,POS,VIP,Electronics,Prepaid,,,
789,4729,26,0,14-03-2025,1,Friday,0,1,ATM,Regular,Travel,Credit,,,
790,567,93,0,15-03-2025,1,Saturday,1,0,Online,Regular,Travel,Debit,,,
791,3136,48,0,16-03-2025,1,Sunday,1,1,POS,New,Electronics,Prepaid,,,
792,4638,50,0,17-03-2025,1,Monday,0,1,ATM,Regular,Grocery,Prepaid,,,
793,969,17,1,18-03-2025,1,Tuesday,0,0,Online,VIP,Travel,Credit,,,
794,2618,33,0,19-03-2025,1,Wednesday,0,1,Online,VIP,Grocery,Credit,,,
795,381,30,1,20-03-2025,1,Thursday,0,0,POS,VIP,Grocery,Credit,,,
796,2059,6,1,21-03-2025,1,Friday,0,1,Online,Regular,Electronics,Prepaid,,,
797,1856,93,0,22-03-2025,0,Saturday,1,1,Online,VIP,Fashion,Prepaid,,,
798,226,33,0,23-03-2025,1,Sunday,1,0,POS,Regular,Electronics,Prepaid,,,
799,1866,1,1,24-03-2025,0,Monday,0,1,POS,VIP,Fashion,Debit,,,
800,4621,55,0,25-03-2025,1,Tuesday,0,1,ATM,VIP,Fashion,Prepaid,,,
801,1835,32,1,26-03-2025,0,Wednesday,0,1,ATM,Regular,Electronics,Debit,,,
802,2855,15,1,27-03-2025,1,Thursday,0,1,POS,VIP,Travel,Credit,,,
803,2561,96,0,28-03-2025,0,Friday,0,1,POS,New,Grocery,Prepaid,,,
804,2292,43,1,29-03-2025,1,Saturday,1,1,Online,New,Travel,Debit,,,
805,992,93,0,30-03-2025,0,Sunday,1,0,Online,New,Travel,Credit,,,
806,297,63,1,31-03-2025,0,Monday,0,0,ATM,VIP,Travel,Debit,,,
807,4653,27,1,01-03-2025,0,Saturday,1,1,ATM,New,Electronics,Credit,,,
808,947,75,1,02-03-2025,0,Sunday,1,0,Online,VIP,Grocery,Credit,,,
809,3366,86,1,03-03-2025,0,Monday,0,1,Online,Regular,Grocery,Debit,,,
810,131,77,0,04-03-2025,1,Tuesday,0,0,POS,New,Grocery,Debit,,,
811,3884,50,1,05-03-2025,0,Wednesday,0,1,Online,New,Travel,Credit,,,
812,650,61,1,06-03-2025,1,Thursday,0,0,POS,New,Travel,Prepaid,,,
813,684,78,1,07-03-2025,1,Friday,0,0,Online,Regular,Grocery,Debit,,,
814,976,24,0,08-03-2025,1,Saturday,1,0,ATM,New,Fashion,Debit,,,
815,2677,64,1,09-03-2025,0,Sunday,1,1,Online,New,Fashion,Credit,,,
816,1079,36,1,10-03-2025,1,Monday,0,1,Online,Regular,Grocery,Credit,,,
817,1575,76,1,11-03-2025,1,Tuesday,0,1,ATM,VIP,Fashion,Credit,,,
818,262,66,0,12-03-2025,1,Wednesday,0,0,ATM,Regular,Fashion,Debit,,,
819,3547,17,1,13-03-2025,1,Thursday,0,1,ATM,Regular,Fashion,Debit,,,
820,173,96,1,14-03-2025,0,Friday,0,0,Online,Regular,Fashion,Debit,,,
821,1166,75,0,15-03-2025,0,Saturday,1,1,POS,Regular,Fashion,Credit,,,
822,2535,45,0,16-03-2025,1,Sunday,1,1,Online,Regular,Travel,Prepaid,,,
823,4674,85,1,17-03-2025,1,Monday,0,1,POS,VIP,Travel,Prepaid,,,
824,3320,30,1,18-03-2025,0,Tuesday,0,1,Online,New,Travel,Credit,,,
825,4185,34,1,19-03-2025,1,Wednesday,0,1,POS,New,Travel,Debit,,,
826,545,77,1,20-03-2025,1,Thursday,0,0,Online,New,Electronics,Debit,,,
827,4320,46,0,21-03-2025,1,Friday,0,1,POS,VIP,Grocery,Prepaid,,,
828,3450,20,0,22-03-2025,0,Saturday,1,1,POS,New,Travel,Prepaid,,,
829,1752,72,1,23-03-2025,0,Sunday,1,1,ATM,Regular,Electronics,Debit,,,
830,1543,55,0,24-03-2025,1,Monday,0,1,POS,VIP,Fashion,Prepaid,,,
831,194,70,1,25-03-2025,0,Tuesday,0,0,POS,New,Fashion,Credit,,,
832,4287,72,0,26-03-2025,0,Wednesday,0,1,POS,VIP,Electronics,Prepaid,,,
833,3092,12,1,27-03-2025,1,Thursday,0,1,ATM,New,Travel,Prepaid,,,
834,2632,32,1,28-03-2025,1,Friday,0,1,Online,Regular,Fashion,Debit,,,
835,3210,24,1,29-03-2025,0,Saturday,1,1,ATM,Regular,Travel,Prepaid,,,
836,648,37,0,30-03-2025,0,Sunday,1,0,POS,Regular,Fashion,Prepaid,,,
837,1259,40,1,31-03-2025,1,Monday,0,1,Online,New,Travel,Credit,,,
838,944,14,0,01-03-2025,1,Saturday,1,0,Online,Regular,Electronics,Prepaid,,,
839,3978,93,1,02-03-2025,0,Sunday,1,1,POS,Regular,Electronics,Debit,,,
840,521,1,0,03-03-2025,1,Monday,0,0,Online,VIP,Grocery,Credit,,,
841,2017,73,1,04-03-2025,1,Tuesday,0,1,POS,VIP,Travel,Prepaid,,,
842,2305,67,0,05-03-2025,0,Wednesday,0,1,ATM,New,Fashion,Prepaid,,,
843,1853,2,0,06-03-2025,0,Thursday,0,1,Online,VIP,Electronics,Debit,,,
844,4134,89,1,07-03-2025,0,Friday,0,1,ATM,VIP,Travel,Credit,,,
845,1400,89,1,08-03-2025,0,Saturday,1,1,Online,VIP,Fashion,Credit,,,
846,1026,24,1,09-03-2025,1,Sunday,1,1,ATM,Regular,Travel,Prepaid,,,
847,3441,72,1,10-03-2025,1,Monday,0,1,Online,Regular,Grocery,Debit,,,
848,3402,11,1,11-03-2025,0,Tuesday,0,1,Online,Regular,Fashion,Debit,,,
849,1123,43,0,12-03-2025,0,Wednesday,0,1,Online,Regular,Fashion,Prepaid,,,
850,2374,94,1,13-03-2025,0,Thursday,0,1,Online,New,Grocery,Credit,,,
851,3394,52,1,14-03-2025,1,Friday,0,1,ATM,VIP,Travel,Credit,,,
852,1422,42,1,15-03-2025,1,Saturday,1,1,Online,VIP,Grocery,Debit,,,
853,2235,21,1,16-03-2025,0,Sunday,1,1,ATM,Regular,Electronics,Credit,,,
854,3890,11,0,17-03-2025,0,Monday,0,1,ATM,New,Electronics,Credit,,,
855,1723,39,1,18-03-2025,1,Tuesday,0,1,ATM,VIP,Fashion,Debit,,,
856,265,12,1,19-03-2025,0,Wednesday,0,0,ATM,New,Grocery,Credit,,,
857,39,29,0,20-03-2025,1,Thursday,0,0,ATM,New,Fashion,Prepaid,,,
858,3367,50,0,21-03-2025,1,Friday,0,1,POS,Regular,Fashion,Prepaid,,,
859,1522,67,0,22-03-2025,1,Saturday,1,1,Online,Regular,Electronics,Prepaid,,,
860,2027,56,1,23-03-2025,1,Sunday,1,1,POS,Regular,Grocery,Prepaid,,,
861,1708,16,0,24-03-2025,0,Monday,0,1,POS,VIP,Fashion,Credit,,,
862,1785,43,1,25-03-2025,0,Tuesday,0,1,ATM,New,Fashion,Credit,,,
863,766,97,0,26-03-2025,1,Wednesday,0,0,Online,VIP,Electronics,Prepaid,,,
864,2934,52,0,27-03-2025,1,Thursday,0,1,POS,New,Electronics,Debit,,,
865,4569,14,0,28-03-2025,1,Friday,0,1,Online,Regular,Travel,Prepaid,,,
866,394,5,0,29-03-2025,0,Saturday,1,0,ATM,Regular,Travel,Credit,,,
867,1719,56,1,30-03-2025,0,Sunday,1,1,POS,VIP,Grocery,Credit,,,
868,3810,62,0,31-03-2025,0,Monday,0,1,ATM,Regular,Travel,Debit,,,
869,3441,56,0,01-03-2025,0,Saturday,1,1,ATM,New,Electronics,Prepaid,,,
870,731,6,1,02-03-2025,1,Sunday,1,0,ATM,New,Grocery,Prepaid,,,
871,2302,23,0,03-03-2025,1,Monday,0,1,POS,New,Grocery,Debit,,,
872,2245,90,1,04-03-2025,1,Tuesday,0,1,POS,Regular,Fashion,Credit,,,
873,136,32,0,05-03-2025,1,Wednesday,0,0,POS,Regular,Travel,Credit,,,
874,4925,65,1,06-03-2025,0,Thursday,0,1,ATM,New,Electronics,Debit,,,
875,149,90,0,07-03-2025,1,Friday,0,0,Online,Regular,Grocery,Credit,,,
876,1731,79,0,08-03-2025,1,Saturday,1,1,ATM,New,Travel,Prepaid,,,
877,161,12,1,09-03-2025,1,Sunday,1,0,Online,Regular,Fashion,Prepaid,,,
878,1628,51,0,10-03-2025,0,Monday,0,1,POS,New,Travel,Credit,,,
879,4547,71,1,11-03-2025,1,Tuesday,0,1,Online,VIP,Travel,Prepaid,,,
880,3367,3,0,12-03-2025,0,Wednesday,0,1,ATM,Regular,Travel,Prepaid,,,
881,3546,65,0,13-03-2025,1,Thursday,0,1,Online,Regular,Electronics,Prepaid,,,
882,953,70,1,14-03-2025,0,Friday,0,0,POS,VIP,Fashion,Prepaid,,,
883,493,60,0,15-03-2025,1,Saturday,1,0,Online,New,Grocery,Prepaid,,,
884,1259,39,1,16-03-2025,0,Sunday,1,1,POS,New,Fashion,Debit,,,
885,675,30,0,17-03-2025,1,Monday,0,0,ATM,VIP,Grocery,Debit,,,
886,1352,15,1,18-03-2025,1,Tuesday,0,1,ATM,New,Grocery,Prepaid,,,
887,2578,59,0,19-03-2025,1,Wednesday,0,1,POS,Regular,Electronics,Prepaid,,,
888,4282,93,0,20-03-2025,1,Thursday,0,1,POS,New,Grocery,Credit,,,
889,2701,37,1,21-03-2025,0,Friday,0,1,POS,VIP,Fashion,Debit,,,
890,2513,87,0,22-03-2025,0,Saturday,1,1,Online,Regular,Travel,Debit,,,
891,3386,9,0,23-03-2025,0,Sunday,1,1,Online,VIP,Fashion,Credit,,,
892,1334,62,0,24-03-2025,1,Monday,0,1,Online,VIP,Fashion,Prepaid,,,
893,2683,21,1,25-03-2025,1,Tuesday,0,1,ATM,VIP,Grocery,Debit,,,
894,708,60,0,26-03-2025,1,Wednesday,0,0,POS,VIP,Fashion,Debit,,,
895,511,65,0,27-03-2025,1,Thursday,0,0,ATM,New,Travel,Credit,,,
896,1046,61,1,28-03-2025,1,Friday,0,1,POS,New,Fashion,Credit,,,
897,1732,83,0,29-03-2025,0,Saturday,1,1,ATM,Regular,Fashion,Credit,,,
898,1713,65,0,30-03-2025,1,Sunday,1,1,Online,VIP,Travel,Prepaid,,,
899,868,68,1,31-03-2025,0,Monday,0,0,Online,VIP,Travel,Credit,,,
900,2950,93,0,01-03-2025,1,Saturday,1,1,POS,Regular,Fashion,Prepaid,,,
901,3961,86,1,02-03-2025,0,Sunday,1,1,POS,Regular,Electronics,Prepaid,,,
902,3999,6,0,03-03-2025,1,Monday,0,1,POS,Regular,Electronics,Credit,,,
903,3535,24,0,04-03-2025,0,Tuesday,0,1,POS,New,Fashion,Credit,,,
904,3095,9,0,05-03-2025,0,Wednesday,0,1,POS,Regular,Grocery,Prepaid,,,
905,4375,20,0,06-03-2025,0,Thursday,0,1,Online,VIP,Electronics,Debit,,,
906,3798,95,1,07-03-2025,0,Friday,0,1,POS,Regular,Travel,Prepaid,,,
907,3898,83,0,08-03-2025,1,Saturday,1,1,ATM,VIP,Grocery,Debit,,,
908,3065,38,1,09-03-2025,0,Sunday,1,1,Online,New,Electronics,Debit,,,
909,1243,18,1,10-03-2025,1,Monday,0,1,ATM,VIP,Electronics,Prepaid,,,
910,3534,69,1,11-03-2025,0,Tuesday,0,1,Online,VIP,Grocery,Prepaid,,,
911,976,51,1,12-03-2025,0,Wednesday,0,0,ATM,New,Fashion,Credit,,,
912,677,37,0,13-03-2025,0,Thursday,0,0,ATM,New,Fashion,Debit,,,
913,2113,12,0,14-03-2025,1,Friday,0,1,Online,VIP,Grocery,Prepaid,,,
914,3578,24,0,15-03-2025,0,Saturday,1,1,ATM,VIP,Electronics,Debit,,,
915,2449,70,1,16-03-2025,1,Sunday,1,1,POS,New,Electronics,Debit,,,
916,1800,86,0,17-03-2025,0,Monday,0,1,POS,VIP,Electronics,Prepaid,,,
917,1172,2,1,18-03-2025,1,Tuesday,0,1,Online,New,Fashion,Debit,,,
918,3824,28,1,19-03-2025,1,Wednesday,0,1,ATM,Regular,Grocery,Debit,,,
919,990,65,1,20-03-2025,0,Thursday,0,0,ATM,VIP,Grocery,Prepaid,,,
920,1632,84,0,21-03-2025,1,Friday,0,1,ATM,New,Travel,Credit,,,
921,3507,13,0,22-03-2025,0,Saturday,1,1,POS,VIP,Electronics,Credit,,,
922,605,44,1,23-03-2025,1,Sunday,1,0,ATM,New,Fashion,Debit,,,
923,1300,13,0,24-03-2025,0,Monday,0,1,Online,VIP,Grocery,Credit,,,
924,2458,33,0,25-03-2025,0,Tuesday,0,1,Online,New,Electronics,Credit,,,
925,3852,21,0,26-03-2025,1,Wednesday,0,1,POS,New,Grocery,Debit,,,
926,930,19,0,27-03-2025,0,Thursday,0,0,Online,New,Grocery,Prepaid,,,
927,1051,88,1,28-03-2025,0,Friday,0,1,POS,New,Grocery,Debit,,,
928,2704,82,0,29-03-2025,0,Saturday,1,1,ATM,VIP,Travel,Prepaid,,,
929,3466,74,1,30-03-2025,1,Sunday,1,1,Online,New,Grocery,Credit,,,
930,817,2,0,31-03-2025,0,Monday,0,0,POS,Regular,Fashion,Debit,,,
931,2324,15,0,01-03-2025,1,Saturday,1,1,POS,Regular,Fashion,Prepaid,,,
932,4994,3,1,02-03-2025,1,Sunday,1,1,POS,New,Fashion,Prepaid,,,
933,110,98,1,03-03-2025,0,Monday,0,0,Online,Regular,Electronics,Credit,,,
934,4623,74,0,04-03-2025,1,Tuesday,0,1,POS,Regular,Grocery,Prepaid,,,
935,644,17,1,05-03-2025,1,Wednesday,0,0,Online,New,Fashion,Debit,,,
936,4988,53,1,06-03-2025,0,Thursday,0,1,POS,New,Electronics,Credit,,,
937,1677,18,1,07-03-2025,1,Friday,0,1,ATM,VIP,Travel,Debit,,,
938,762,10,1,08-03-2025,1,Saturday,1,0,POS,New,Electronics,Credit,,,
939,3444,91,0,09-03-2025,0,Sunday,1,1,ATM,New,Electronics,Credit,,,
940,2804,94,0,10-03-2025,0,Monday,0,1,POS,Regular,Travel,Prepaid,,,
941,1473,42,0,11-03-2025,0,Tuesday,0,1,ATM,Regular,Grocery,Prepaid,,,
942,4954,37,1,12-03-2025,1,Wednesday,0,1,Online,VIP,Fashion,Debit,,,
943,1831,79,1,13-03-2025,0,Thursday,0,1,ATM,New,Electronics,Prepaid,,,
944,4138,39,0,14-03-2025,0,Friday,0,1,Online,New,Travel,Debit,,,
945,915,15,1,15-03-2025,0,Saturday,1,0,ATM,Regular,Grocery,Debit,,,
946,1546,61,1,16-03-2025,0,Sunday,1,1,Online,VIP,Travel,Credit,,,
947,1991,67,0,17-03-2025,0,Monday,0,1,Online,VIP,Fashion,Prepaid,,,
948,677,7,1,18-03-2025,0,Tuesday,0,0,POS,Regular,Electronics,Debit,,,
949,3503,24,0,19-03-2025,1,Wednesday,0,1,Online,New,Electronics,Credit,,,
950,3437,16,1,20-03-2025,1,Thursday,0,1,POS,Regular,Electronics,Credit,,,
951,967,9,0,21-03-2025,1,Friday,0,0,Online,VIP,Fashion,Prepaid,,,
952,1455,40,1,22-03-2025,0,Saturday,1,1,POS,New,Travel,Credit,,,
953,364,70,0,23-03-2025,1,Sunday,1,0,POS,Regular,Grocery,Debit,,,
954,4194,73,1,24-03-2025,1,Monday,0,1,ATM,Regular,Electronics,Debit,,,
955,2476,67,1,25-03-2025,1,Tuesday,0,1,POS,New,Electronics,Debit,,,
956,4588,9,0,26-03-2025,1,Wednesday,0,1,ATM,VIP,Travel,Credit,,,
957,3190,25,0,27-03-2025,0,Thursday,0,1,POS,New,Fashion,Debit,,,
958,1797,58,0,28-03-2025,1,Friday,0,1,Online,New,Grocery,Credit,,,
959,2227,11,1,29-03-2025,0,Saturday,1,1,ATM,VIP,Travel,Credit,,,
960,4607,80,0,30-03-2025,0,Sunday,1,1,Online,VIP,Grocery,Prepaid,,,
961,2365,94,1,31-03-2025,0,Monday,0,1,ATM,Regular,Grocery,Prepaid,,,
962,1064,66,1,01-03-2025,1,Saturday,1,1,ATM,Regular,Fashion,Credit,,,
963,2468,38,0,02-03-2025,0,Sunday,1,1,Online,New,Fashion,Debit,,,
964,2981,45,1,03-03-2025,0,Monday,0,1,ATM,New,Electronics,Credit,,,
965,4754,42,0,04-03-2025,0,Tuesday,0,1,POS,Regular,Fashion,Debit,,,
966,4913,64,0,05-03-2025,1,Wednesday,0,1,POS,VIP,Travel,Prepaid,,,
967,4500,72,0,06-03-2025,0,Thursday,0,1,Online,Regular,Electronics,Debit,,,
968,1353,71,1,07-03-2025,0,Friday,0,1,POS,Regular,Electronics,Debit,,,
969,391,42,1,08-03-2025,0,Saturday,1,0,Online,Regular,Electronics,Debit,,,
970,1585,9,0,09-03-2025,0,Sunday,1,1,ATM,Regular,Travel,Debit,,,
971,2070,59,1,10-03-2025,0,Monday,0,1,Online,Regular,Electronics,Debit,,,
972,3891,29,0,11-03-2025,1,Tuesday,0,1,ATM,New,Fashion,Debit,,,
973,2324,52,0,12-03-2025,0,Wednesday,0,1,ATM,Regular,Grocery,Debit,,,
974,3883,13,0,13-03-2025,0,Thursday,0,1,Online,Regular,Fashion,Debit,,,
975,4868,95,0,14-03-2025,0,Friday,0,1,ATM,VIP,Fashion,Debit,,,
976,4015,7,0,15-03-2025,0,Saturday,1,1,ATM,Regular,Travel,Credit,,,
977,964,69,0,16-03-2025,0,Sunday,1,0,ATM,New,Fashion,Debit,,,
978,3184,51,0,17-03-2025,0,Monday,0,1,POS,New,Electronics,Debit,,,
979,377,4,0,18-03-2025,1,Tuesday,0,0,Online,VIP,Electronics,Prepaid,,,
980,3504,10,0,19-03-2025,0,Wednesday,0,1,ATM,Regular,Electronics,Credit,,,
981,1420,56,1,20-03-2025,0,Thursday,0,1,ATM,Regular,Travel,Prepaid,,,
982,2068,56,1,21-03-2025,1,Friday,0,1,Online,New,Travel,Prepaid,,,
983,3292,65,1,22-03-2025,1,Saturday,1,1,POS,New,Electronics,Prepaid,,,
984,4020,94,1,23-03-2025,1,Sunday,1,1,ATM,New,Fashion,Prepaid,,,
985,175,51,1,24-03-2025,1,Monday,0,0,Online,New,Fashion,Debit,,,
986,1077,94,0,25-03-2025,1,Tuesday,0,1,POS,New,Grocery,Debit,,,
987,4468,17,0,26-03-2025,1,Wednesday,0,1,POS,New,Fashion,Debit,,,
988,1161,33,1,27-03-2025,1,Thursday,0,1,ATM,VIP,Travel,Credit,,,
989,4464,46,0,28-03-2025,0,Friday,0,1,POS,Regular,Travel,Prepaid,,,
990,1280,39,1,29-03-2025,1,Saturday,1,1,POS,New,Fashion,Prepaid,,,
991,2113,16,0,30-03-2025,1,Sunday,1,1,Online,VIP,Travel,Credit,,,
992,3506,28,0,31-03-2025,1,Monday,0,1,Online,New,Grocery,Prepaid,,,
993,3227,31,0,01-03-2025,1,Saturday,1,1,Online,Regular,Travel,Debit,,,
994,2252,13,0,02-03-2025,0,Sunday,1,1,ATM,Regular,Travel,Credit,,,
995,4044,60,1,03-03-2025,0,Monday,0,1,ATM,VIP,Fashion,Credit,,,
996,2721,50,0,04-03-2025,0,Tuesday,0,1,POS,VIP,Electronics,Debit,,,
997,3031,66,1,05-03-2025,0,Wednesday,0,1,Online,VIP,Travel,Debit,,,
998,1472,71,0,06-03-2025,1,Thursday,0,1,POS,New,Fashion,Debit,,,
999,3450,43,0,07-03-2025,0,Friday,0,1,ATM,Regular,Fashion,Prepaid,,,
1000,3888,20,1,08-03-2025,1,Saturday,1,1,ATM,Regular,Fashion,Prepaid,,,
